,latitude,longitude,depth,temperature_combined_C,salinity,O2,NO3,NO2,PO4,NO2NO3,Si,AO2U,pH,TCO2,thermocline_m,distance_to_thermocline_m,monthly_rainfall_mm,cloud_fraction,ocean_depth_m,distance_from_land_km,distance_to_bottom_m,miTAG_SILVA_Taxo_Richness_origiNANl,miTAG_SILVA_Chao_origiNANl,miTAG_SILVA_Shannon_origiNANl,OG_Shannon,OG_richness,OG_evenness,FC_heterotrophs_cells_per_mL,FC_autotrophs_cells_per_mL,FC_bacteria_cells_per_mL,FC_picoeukaryotes_cells_per_mL,min_generation_time_h,station,water_column_compartment,size_fraction_um,ocean_region,ocean_region_short,ocean_province,ocean_province_short,pelagic_biome,pelagic_biome_short
TARA_004_DCM_0,36.573,-6.539,38.689,16.246331,36.556443,5.466691116,2.436625116,NAN,0.19,NAN,0.386548522,-0.000679019,8.0817428,2080.359484,18.88678227,-19.80221773,50.33468267,0.414514047,72.844342,20.04861487,34.155342,3055,4174,6.85,7.16,14607,0.747,1226212,56383,1282596,6890,11.13,TARA_004,DCM,0.22_1.6,North_Atlantic,NANO,North_Atlantic_E_subtropical_gyre,NANST_E,westerlies,W
TARA_004_SRF_0,36.553,-6.567,10,20.5251,36.6324,5.382129,0.877575,NAN,0.075,NAN,0.064923,-0.255206,8.081701733,2080.399319,18.97128326,8.971283259,49.83983754,0.418421827,89.91010335,22.75004095,79.91010335,2718,3763,6.64,7.15,14591,0.745,839531,54593,894124,1222,15.23,TARA_004,SRF,0.22_1.6,North_Atlantic,NANO,North_Atlantic_E_subtropical_gyre,NANST_E,westerlies,W
TARA_007_DCM_0,37.039,1.95,41.74,17.36746,37.28055134,5.8375688,0.7253152,0,0.01,0.03,0.5,-0.4476984,8.095,2101.85,12.49323607,-29.24676393,88.17790703,0.579700781,2321.28502,99.48885911,2279.54502,3135,4786,6.8,7.28,16417,0.75,2580789,156125,2736914,1859,14.37,TARA_007,DCM,0.22_1.6,Mediterranean,MS,Mediterranean_Black_Sea,MEDI,westerlies,W
TARA_007_SRF_0,37.021,1.949,7.5,23.82575,37.4911,4.7510305,0.683419,0,0.06,0.03,0.52,-0.1549495,8.095,2101.85,12.71051981,5.21051981,87.20220455,0.579986293,2355.34309,99.55584242,2347.84309,2592,3872,6.53,7.2,15495,0.746,1004684,50586,1055270,813,14.29,TARA_007,SRF,0.22_1.6,Mediterranean,MS,Mediterranean_Black_Sea,MEDI,westerlies,W
TARA_009_DCM_0,39.073,5.86,55,16.151933,37.8232,5.70258176,0.23190088,0.02,0.02,0.08,0.6,-0.1015488,8.095,2101.85,26.49916273,-28.50083727,113.3979762,0.496328026,2828.094611,122.8076726,2773.094611,3229,4463,6.91,7.15,15318,0.742,781039,19832,800871,2882,10.7,TARA_009,DCM,0.22_1.6,Mediterranean,MS,Mediterranean_Black_Sea,MEDI,westerlies,W
TARA_009_SRF_0,39.073,5.86,5.784,23.8526,37.9751,4.75288208,0.568010895,0.01,0.02,0.03,0.75,-4.92E-05,8.095,2101.85,26.49916273,20.71516273,113.3979762,0.496328026,2828.094611,122.8076726,2822.310611,2741,3983,6.62,7.22,15315,0.75,901463,39330,940793,1231,17.47,TARA_009,SRF,0.22_1.6,Mediterranean,MS,Mediterranean_Black_Sea,MEDI,westerlies,W
TARA_018_DCM_0,35.761,14.252,61.635,18.36839,37.89241,5.528515425,0.003052212,0.025,0.013,0.02,0.62,-0.059884277,8.068,2128.56,49.70657026,-11.92842974,64.44450646,0.600979743,539.1984739,27.13472416,477.5634739,2746,4034,6.55,7.14,14088,0.748,NAN,NAN,NAN,NAN,12.95,TARA_018,DCM,0.22_1.6,Mediterranean,MS,Mediterranean_Black_Sea,MEDI,westerlies,W
TARA_018_SRF_0,35.758,14.261,5.426,21.4395,37.89245,4.829044847,0.077160487,0.018,0.026,0.12,0.56,-0.02966631,8.068,2128.56,49.64719108,44.22119108,63.59270717,0.603446547,531.9750399,26.67756812,526.5490399,2754,4030,6.61,7.14,14161,0.747,633618,39180,672798,947,13.56,TARA_018,SRF,0.22_1.6,Mediterranean,MS,Mediterranean_Black_Sea,MEDI,westerlies,W
TARA_023_DCM_0,42.174,17.719,55.159,15.705783,38.395417,5.214458997,1.743899143,0.01,0.01,0.05,1.05,0.539090863,8.089,2097.46,31.4562112,-23.7027888,211.9634235,0.683922437,1031.738472,51.93497597,976.5794724,2943,4076,6.74,7.15,15924,0.739,594712,29838,624550,1090,16.66,TARA_023,DCM,0.22_1.6,Mediterranean,MS,Mediterranean_Black_Sea,MEDI,westerlies,W
TARA_023_SRF_0,42.205,17.714,5.473,17.636575,38.187633,5.114232534,0.190949156,0.01,0.01,0.04,1.38,-0.2300598,8.089,2097.46,31.25414413,25.78114413,216.8820465,0.681197142,1044.469926,51.61353659,1038.996926,2658,3735,6.58,7.13,14477,0.745,746759,57854,804613,1499,17.52,TARA_023,SRF,0.22_1.6,Mediterranean,MS,Mediterranean_Black_Sea,MEDI,westerlies,W
TARA_025_DCM_0,39.409,19.381,51.695,15.161277,38.475705,5.337655416,0.214603775,0.07,0.07,0.15,1.82,-0.039312228,8.068,2128.56,34.83288356,-16.86211644,332.6868304,0.672729773,1148.391834,37.87818401,1096.696834,3128,4369,6.73,7.13,15774,0.737,NAN,NAN,NAN,NAN,14.03,TARA_025,DCM,0.22_1.6,Mediterranean,MS,Mediterranean_Black_Sea,MEDI,westerlies,W
TARA_025_SRF_0,39.388,19.391,5.516,18.342533,38.182917,5.068100126,0.293030024,0,0.01,0.03,1.05,-0.0922709,8.068,2128.56,34.18090881,28.66490881,331.4266026,0.673750875,1140.248211,38.32615083,1134.732211,2724,3720,6.71,7.17,14408,0.749,264404,34000,298404,1123,20.92,TARA_025,SRF,0.22_1.6,Mediterranean,MS,Mediterranean_Black_Sea,MEDI,westerlies,W
TARA_030_DCM_0,33.925,32.774,69.071,18.979535,39.255952,5.076030865,0.254406,0.01,0,0.02,0.67,-0.097248015,8.058,2022.87,52.15874911,-16.91225089,107.4425542,0.729568514,2397.052046,89.88875199,2327.981046,2393,3191,6.56,7.14,12843,0.755,598682,48034,646716,669,15.04,TARA_030,DCM,0.22_1.6,Mediterranean,MS,Mediterranean_Black_Sea,MEDI,westerlies,W
TARA_030_SRF_0,33.918,32.894,5.396,20.45375,39.425058,4.83095644,0.163547962,0,0,0.05,0.82,-0.122138122,8.058,2022.87,52.22679742,46.83079742,131.5628518,0.719680259,1537.412042,77.38420411,1532.016042,2215,3185,6.38,7.12,12612,0.754,232380,36418,268797,1225,14.75,TARA_030,SRF,0.22_1.6,Mediterranean,MS,Mediterranean_Black_Sea,MEDI,westerlies,W
TARA_031_SRF_0,27.155,34.83,5.43,25.0621,39.981867,4.39567182,0.179618,0.014,0.024,0.03,0.82,-0.391506,8.057,2027.88,210.3223102,204.8923102,65.47007142,0.184982675,980.8377555,42.1036339,975.4077555,2261,3358,6.35,7.08,14134,0.74,473351,204723,678074,1192,12.95,TARA_031,SRF,0.22_1.6,Red_Sea,RS,Red_Sea_and_Persian_Gulf,REDS,coastal,C
TARA_032_DCM_0,23.38,37.292,85.474,26.050367,40.196433,4.191716786,1.201064,0.01,0.025,0.01,0.85,0.435831262,8.052,2018.67,28.01578306,-57.45821694,1.277490669,0.305306462,961.4336691,71.72583292,875.9596691,3146,4409,6.55,7.2,17321,0.737,294828,29385,324213,374,12.38,TARA_032,DCM,0.22_1.6,Red_Sea,RS,Red_Sea_and_Persian_Gulf,REDS,coastal,C
TARA_032_SRF_0,23.36,37.218,5.425,25.824383,39.74725,4.386601523,0.18999491,0.014,0.018,0,0.87,-0.147636216,8.052,2018.67,68.06810026,62.64310026,1.081020048,0.339741732,1065.416104,76.05125085,1059.991104,2142,2996,6.32,7.04,13296,0.742,444313,206786,651100,1437,13.53,TARA_032,SRF,0.22_1.6,Red_Sea,RS,Red_Sea_and_Persian_Gulf,REDS,coastal,C
TARA_033_SRF_0,21.98,38.235,5.374,27.329517,38.937417,4.252807895,0.164446979,0,0.053,0,1.15,-0.015947792,8.057,2027.88,71.2498521,65.8758521,11.42351086,0.406516538,933.5433178,53.39618705,928.1693178,2143,2993,6.47,7.16,13578,0.753,556091,215346,771437,4410,11.18,TARA_033,SRF,0.22_1.6,Red_Sea,RS,Red_Sea_and_Persian_Gulf,REDS,coastal,C
TARA_034_DCM_0,18.398,39.862,60.131,27.589917,38.916583,4.079924591,0.08645,0.27,0.09,0.64,1.35,1.09550346,8.052,2018.67,64.88215783,4.751157827,1.125350275,0.600081147,1472.488833,102.6564356,1412.357833,3330,4936,6.46,7.19,17914,0.734,NAN,16783,16783,99,12.75,TARA_034,DCM,0.22_1.6,Red_Sea,RS,Red_Sea_and_Persian_Gulf,REDS,coastal,C
TARA_034_SRF_0,18.397,39.877,5.427,27.59865,38.646858,4.280666207,0.085373597,0.02,0.19,0.03,3.91,0.156253427,8.052,2018.67,63.30951604,57.88251604,1.133390253,0.5995014,1313.586384,101.993636,1308.159384,2230,3191,6.51,7.15,14190,0.748,480515,104486,585001,6442,11.48,TARA_034,SRF,0.22_1.6,Red_Sea,RS,Red_Sea_and_Persian_Gulf,REDS,coastal,C
TARA_036_DCM_0,20.818,63.512,17.392,25.37395,36.549267,4.91134457,0.367767,0.51,0.51,2.08,1.79,-0.186258405,8.063020711,2039.479598,26.83219358,9.440193579,1,0.364567299,3300.031574,455.9838642,3282.639574,2495,3653,6.49,7.13,13952,0.747,NAN,NAN,NAN,NAN,12.52,TARA_036,DCM,0.22_1.6,Indian_Ocean,IO,Northwest_Arabian_Sea_upwelling,ARAB,coastal,C
TARA_036_SRF_0,20.818,63.505,5.472,25.581433,36.530058,4.894789229,1.430478671,0.05,0.37,0.13,1.2,-0.209005045,8.063046952,2039.441926,26.88883671,21.41683671,1,0.36365763,3299.149683,456.2662296,3293.677683,2162,3048,6.41,7.12,12504,0.754,2216959,231702,2448661,4807,12.39,TARA_036,SRF,0.22_1.6,Indian_Ocean,IO,Northwest_Arabian_Sea_upwelling,ARAB,coastal,C
TARA_037_MES_0,20.826,63.606,595.106,12.066048,35.693546,0.038032402,31.802451,0.07,2.91,30.52,54.48,5.924445529,8.062696213,2039.937175,26.14497881,-568.9610212,1,0.376730447,3310.866232,452.9209203,2715.760232,3128,5107,5.59,7.21,16833,0.741,174925,0,174925,0,41.4,TARA_037,MES,0.22_1.6,Indian_Ocean,IO,Northwest_Arabian_Sea_upwelling,ARAB,coastal,C
TARA_038_DCM_0,19.026,64.623,25.337,25.494408,36.47689846,3.590302064,1.230122,0.7,0.42,1.86,1.63,-0.219953424,8.070617439,2013.371583,23.95471472,-1.382285283,1,0.318761836,3313.664093,576.9589598,3288.327093,2354,3314,6.47,7.17,14995,0.745,1963051,279788,2242839,11930,8.53,TARA_038,DCM,0.22_1.6,Indian_Ocean,IO,Indian_monsoon_gyres,MONS,trades,T
TARA_038_MES_0,19.013,64.568,337.721,14.987618,36.021302,0.054961208,22.444602,0.69,2.64,23.43,38.94,5.645079053,8.070540369,2013.298417,23.97475429,-313.7462457,1,0.308789112,3336.247523,581.7148709,2998.526523,2840,4587,5.77,7.18,16980,0.738,609896,0,609896,0,45.71,TARA_038,MES,0.22_1.6,Indian_Ocean,IO,Indian_monsoon_gyres,MONS,trades,T
TARA_038_SRF_0,19.039,64.494,5.454,26.2314,36.617917,4.640768507,0.889376,0.01,0.32,0.06,1.18,-0.169466744,8.070488086,2012.946784,24.0408308,18.5868308,1,0.301569962,3351.929029,584.7127773,3346.475029,2197,2935,6.55,7.14,13741,0.749,1626279,285872,1912151,8040,11.15,TARA_038,SRF,0.22_1.6,Indian_Ocean,IO,Indian_monsoon_gyres,MONS,trades,T
TARA_039_DCM_0,18.57,66.486,25.313,26.812225,36.332317,4.477594905,0.717590793,0.02,0.26,0.09,1.28,-0.150334534,8.071542314,2021.101719,31.2752604,5.962260399,1,0.304503938,3128.692959,466.7138628,3103.379959,2238,3181,6.51,7.14,14680,0.744,703226,246739,949965,6045,11.19,TARA_039,DCM,0.22_1.6,Indian_Ocean,IO,Indian_monsoon_gyres,MONS,trades,T
TARA_039_MES_0,18.723,66.361,268.206,15.614195,35.901885,0.053419159,19.566542,2.07,2.64,21.22,38.62,5.505140436,8.071817702,2019.860129,28.37976148,-239.8262385,1,0.269598427,3064.376505,464.846972,2796.170505,3024,5017,5.49,7.22,17308,0.739,972004,0,972004,0,45.65,TARA_039,MES,0.22_1.6,Indian_Ocean,IO,Indian_monsoon_gyres,MONS,trades,T
TARA_041_DCM_0,14.56,70.012,58.151,27.117663,36.496162,3.442488408,0.959627184,0.07,0.34,0.49,1.38,0.043319892,8.057438732,1969.23697,43.29653604,-14.85446396,1,0.572940796,3526.825786,394.3057842,3468.674786,2654,3901,6.45,7.12,16485,0.733,491755,123011,614766,4463,10.89,TARA_041,DCM,0.22_1.6,Indian_Ocean,IO,Indian_monsoon_gyres,MONS,trades,T
TARA_041_SRF_0,14.595,69.981,5.486,29.089367,36.024883,4.347992987,0.123200284,0,0.14,0.09,1.47,-0.113147296,8.057236237,1968.602629,43.10105659,37.61505659,1,0.579375047,3504.639971,431.0287202,3499.153971,2520,3964,6.56,7.1,16594,0.731,491899,249308,741207,818,14.25,TARA_041,SRF,0.22_1.6,Indian_Ocean,IO,Indian_monsoon_gyres,MONS,trades,T
TARA_042_DCM_0,6,73.902,79.021,27.723425,35.103505,3.077470959,0.569531,0.15,0.34,1.39,3.2,2.006797723,8.0411216,1928.639528,34.93646459,-44.08453541,167.844174,0.668015762,2510.740147,31.5260287,2431.719147,2545,3879,6.47,7.11,15301,0.738,NAN,29694,29694,1333,11.74,TARA_042,DCM,0.22_1.6,Indian_Ocean,IO,Indian_monsoon_gyres,MONS,trades,T
TARA_042_SRF_0,6.031,73.894,5.418,29.980283,34.56155,4.38413989,0.194237352,0,0.08,0.03,2.21,-0.050556964,8.041110879,1928.543961,34.10521687,28.68721687,168.0360577,0.661670375,2507.193446,34.1036227,2501.775446,2331,3665,6.51,7.09,15541,0.735,808564,188746,997310,909,14.23,TARA_042,SRF,0.22_1.6,Indian_Ocean,IO,Indian_monsoon_gyres,MONS,trades,T
TARA_045_SRF_0,0.005,71.644,5.476,30.496383,35.091133,4.293422503,2.575786,0.02,1.94,28.64,15.14,-0.104820762,8.043482256,1948.848315,34.02024529,28.54424529,243.7880576,0.512346278,4017.62265,164.6090555,4012.14665,2154,3345,6.3,7.06,14553,0.736,393599,305984,699583,818,13.41,TARA_045,SRF,0.22_1.6,Indian_Ocean,IO,Indian_monsoon_gyres,MONS,trades,T
TARA_048_SRF_0,-9.392,66.424,5.437,29.818233,34.1689,4.336226663,0.068378103,0.01,0.08,0.06,2.12,-0.061430264,8.04901809,1929.60082,29.03636236,23.59936236,157.0159316,0.557166058,3774.651083,631.9958218,3769.214083,1998,3066,6.31,7.06,13177,0.744,313030,148147,461176,566,12.72,TARA_048,SRF,0.22_1.6,Indian_Ocean,IO,Indian_South_subtropical_gyre,ISSG,trades,T
TARA_052_DCM_0,-16.96,54.013,79.018,24.89426,34.910755,4.462195226,0.244232,0.03,0.18,0.47,3.22,0.307597943,8.084067048,1951.474562,61.10998055,-17.90801945,48.83490394,0.442394163,4589.112474,130.7100561,4510.094474,2558,3632,6.65,7.11,15564,0.737,393152,153771,546924,3775,13.23,TARA_052,DCM,0.22_1.6,Indian_Ocean,IO,Indian_South_subtropical_gyre,ISSG,trades,T
TARA_052_SRF_0,-16.957,53.985,5.54,27.8684,34.566667,4.440343456,0.049057603,0,0.12,0,2.67,0.026216405,8.084106114,1951.557168,61.27663863,55.73663863,47.43467955,0.438824321,4586.572612,125.5183525,4581.032612,2127,3096,6.26,7.08,14573,0.739,425006,206037,631044,3913,14.8,TARA_052,SRF,0.22_1.6,Indian_Ocean,IO,Indian_South_subtropical_gyre,ISSG,trades,T
TARA_056_SRF_0,-15.338,43.295,5.463,27.323117,35.003133,4.474146352,0.02704205,NAN,0.201,NAN,5.168440627,0.025314654,8.072876495,1958.7092,80.40659158,74.94359158,4.521352041,0.29484818,3232.524093,179.6748325,3227.061093,2407,3652,6.52,7.08,13543,0.744,409420,207207,616626,634,12.79,TARA_056,SRF,0.22_3,Indian_Ocean,IO,Eastern_Africa_coastal,EAFR,coastal,C
TARA_057_SRF_0,-17.024,42.742,5.562,26.965433,35.05375,4.404743543,0.01979328,0.02,0,0,2.81,0.0190856,8.0864192,1967.628412,52.97363573,47.41163573,2.1063921,0.352077602,2007.973324,40.34802065,2002.411324,2548,4102,6.57,7.15,14117,0.749,NAN,NAN,NAN,NAN,9.94,TARA_057,SRF,0.22_3,Indian_Ocean,IO,Eastern_Africa_coastal,EAFR,coastal,C
TARA_058_DCM_0,-17.319,42.285,67.071,25.308318,35.163345,4.28830207,0.820273,0.03,0,0.06,2.51,0.495432732,8.075795347,1958.153483,55.78335882,-11.28764118,1.225340067,0.282193769,2047.475911,65.66058755,1980.404911,2496,3562,6.64,7.12,15238,0.74,659427,233917,893344,2606,13.28,TARA_058,DCM,0.22_3,Indian_Ocean,IO,Eastern_Africa_coastal,EAFR,coastal,C
TARA_062_SRF_0,-21.375,39.563,5.43,25.080167,35.324825,4.634061919,0.05389616,NAN,0.142,NAN,3.131099893,0.001565019,8.092272375,1984.95148,69.73590734,64.30590734,6.807316365,0.386836613,2645.66935,125.190702,2640.23935,2348,3427,6.64,7.11,13750,0.746,371432,149622,521054,1949,12.14,TARA_062,SRF,0.22_3,Indian_Ocean,IO,Eastern_Africa_coastal,EAFR,coastal,C
TARA_064_DCM_0,-29.544,37.936,63.636,22.250309,35.335545,4.809145824,0.186945836,0,0.08,0.02,1.75,0.127217755,8.109342222,2029.662313,79.90622704,16.27022704,17.18220891,0.530547855,4973.888052,547.5880672,4910.252052,2541,3452,6.64,7.16,16260,0.739,480670,197050,677720,7162,9.43,TARA_064,DCM,0.22_3,Indian_Ocean,IO,Eastern_Africa_coastal,EAFR,coastal,C
TARA_064_SRF_0,-29.502,37.99,5.495,22.165567,35.334717,4.868524729,0.462253251,0,0.08,0,1.77,-0.112779414,8.109256603,2029.428938,79.66674381,74.17174381,16.54101202,0.518572608,4969.249825,549.6430276,4963.754825,2328,3176,6.56,7.1,13216,0.748,570751,403151,973902,7078,10.9,TARA_064,SRF,0.22_3,Indian_Ocean,IO,Eastern_Africa_coastal,EAFR,coastal,C
TARA_065_DCM_0,-35.247,26.31,28.682,21.81495,35.46170871,4.786338281,3.103245091,NAN,0.451,NAN,4.533372348,0.103265903,8.1141295,2040.268372,65.21419858,36.53219858,103.395613,0.603817,4214.551277,138.2548363,4185.869277,3402,5405,6.8,7.21,18416,0.734,521106,64001,585107,6166,11.59,TARA_065,DCM,0.22_3,Indian_Ocean,IO,Eastern_Africa_coastal,EAFR,coastal,C
TARA_065_SRF_0,-35.189,26.289,5.904,21.81684,35.44666,4.800333962,2.552552676,NAN,0.416,NAN,4.684754742,0.064257169,8.1142165,2040.055657,65.70745258,59.80345258,100.0617035,0.602001004,4235.086684,142.5135773,4229.182684,2521,3386,6.6,7.13,13735,0.748,538371,66905,605276,6590,11.82,TARA_065,SRF,0.22_3,Indian_Ocean,IO,Eastern_Africa_coastal,EAFR,coastal,C
TARA_066_DCM_0,-34.893,18.073,28.633,15.01895,35.3315,5.573391616,4.084796908,0.26,0.37,3.23,2.47,-0.035609416,8.1057675,2055.70134,40.2622919,11.6292919,81.39986906,0.607655759,1412.63826,74.12976656,1384.00526,2942,3902,6.66,7.14,14522,0.745,526353,36479,562832,12356,10.53,TARA_066,DCM,0.22_3,South_Atlantic,SAO,Benguela_current_coastal,BENG,coastal,C
TARA_066_SRF_0,-34.936,17.937,5.395,15.033492,35.323317,5.538639731,2.450991,0.3,0.34,3.34,2.74,-0.136554211,8.10566,2055.88968,46.46736914,41.07236914,52.83606669,0.618696967,2083.075023,83.68142661,2077.680023,2866,3801,6.65,7.13,13082,0.752,564191,32703,596894,15397,10.61,TARA_066,SRF,0.22_3,South_Atlantic,SAO,Benguela_current_coastal,BENG,coastal,C
TARA_067_SRF_0,-32.232,17.708,5.454,12.83445,34.845292,5.777880428,0.405607,0.171,1.016,7.091,13.88,-0.17798648,8.117072,2041.42012,23.094832,17.640832,30.79247314,0.488698269,139.464568,39.52384713,134.010568,3445,4879,6.92,7.23,14423,0.755,1840174,113647,1953821,46597,13.42,TARA_067,SRF,0.22_3,South_Atlantic,SAO,Benguela_current_coastal,BENG,coastal,C
TARA_068_DCM_0,-31.03,4.688,40.269,16.787411,35.687803,5.372853362,1.279718595,0.285,0.227,1.08,2.436,-0.116416753,8.106937134,2070.136303,115.6787428,75.40974281,6.157352368,0.847594965,5007.874,1097.771764,4967.605,2818,3797,6.58,7.17,16121,0.741,549370,226449,775819,15436,9.18,TARA_068,DCM,0.22_3,South_Atlantic,SAO,South_Atlantic_gyre,SATL,trades,T
TARA_068_MES_0,-31.035,4.641,722.701,7.026748,34.477664,4.520775032,25.846888,0.003,1.529,22.08,12.08,NAN,8.106911142,2070.212753,117.0789319,-605.6220681,6.157914831,0.846249929,5007.874,1100.124206,4285.173,3396,5526,6.92,7.15,17660,0.731,60123,0,60123,0,22.4,TARA_068,MES,0.22_3,South_Atlantic,SAO,South_Atlantic_gyre,SATL,trades,T
TARA_068_SRF_0,-31.03,4.688,5.427,16.832058,35.68685,5.378216365,0.285951396,0.25,0.229,1.303,2.601,-0.193310207,8.106937134,2070.136303,115.6787428,110.2517428,6.157352368,0.847594965,5007.874,1097.771764,5002.447,2911,4047,6.49,7.18,16906,0.738,439221,192777,631998,18473,10.12,TARA_068,SRF,0.22_3,South_Atlantic,SAO,South_Atlantic_gyre,SATL,trades,T
TARA_070_MES_0,-20.367,-3.217,791.586,4.216697,34.443883,3.746109807,37.7793,0.01,2.522,36.73,44.86,NAN,8.093833346,2078.113835,129.377025,-662.208975,2.583481207,0.850795783,5044.395364,526.237739,4252.809364,3208,5062,6.18,7.37,19397,0.747,33173,0,33173,0,11.12,TARA_070,MES,0.22_3,South_Atlantic,SAO,South_Atlantic_gyre,SATL,trades,T
TARA_070_SRF_0,-20.437,-3.186,5.397,19.776808,36.376225,5.004375195,0.168013,0.054,0.364,0.986,1.362,-0.008820048,8.093589264,2078.410015,129.2513957,123.8543957,2.633294869,0.860077614,5244.488707,519.3321642,5239.091707,2766,3896,6.56,7.16,16493,0.737,572821,117261,690082,9740,8.95,TARA_070,SRF,0.22_3,South_Atlantic,SAO,South_Atlantic_gyre,SATL,trades,T
TARA_072_DCM_0,-8.703,-17.94,95.403,24.112672,36.603343,4.512878673,0.241265,0.011,0.143,0.044,1.319,0.948454605,8.066723772,2058.081686,77.56315839,-17.83984161,1,0.601946759,4000,376.2473363,3904.597,3000,4373,6.7,7.17,17195,0.735,302791,123447,426238,3263,13.78,TARA_072,DCM,0.22_3,South_Atlantic,SAO,South_Atlantic_gyre,SATL,trades,T
TARA_072_MES_0,-8.797,-17.905,792.736,4.673875,34.472575,3.316879033,38.448475,0.007,2.618,36.98,34.44,NAN,8.066646386,2057.885884,77.76894866,-714.9670513,1,0.69946205,4000,384.9811539,3207.264,4548,6969,7.03,7.29,21508,0.731,NAN,NAN,NAN,NAN,14.01,TARA_072,MES,0.22_3,South_Atlantic,SAO,South_Atlantic_gyre,SATL,trades,T
TARA_072_SRF_0,-8.776,-17.913,5.843,25.02619,36.42324,4.620960084,0.263475,0.003,0.104,0.018,0.868,-0.115832754,8.066664005,2057.930029,77.72493178,71.88193178,1,0.706215941,4000,383.0305013,3994.157,2743,3901,6.64,7.12,17255,0.73,NAN,NAN,NAN,NAN,16.32,TARA_072,SRF,0.22_3,South_Atlantic,SAO,South_Atlantic_gyre,SATL,trades,T
TARA_076_DCM_0,-21.046,-35.369,147.983,21.643283,36.724683,4.731300227,0.580918,0.015,0.038,0,0.712,0.516474949,8.092675513,2077.321559,67.05188258,-80.93111742,117.9686249,0.633471057,4175.841009,532.3762448,4027.858009,3993,6142,6.86,7.32,21732,0.733,266887,126802,393689,3021,15.52,TARA_076,DCM,0.22_3,South_Atlantic,SAO,South_Atlantic_gyre,SATL,trades,T
TARA_076_MES_0,-20.952,-35.22,792.783,4.749588,34.369275,4.450740907,34.589515,0.001,0.937,12.078,4.386,NAN,8.09229328,2077.626752,67.0433646,-725.7396354,84.90255974,0.532093562,3368.524197,456.7770572,2575.741197,4037,6449,6.89,7.29,21378,0.731,70300,0,70300,0,37.82,TARA_076,MES,0.22_3,South_Atlantic,SAO,South_Atlantic_gyre,SATL,trades,T
TARA_076_SRF_0,-20.941,-35.196,5.461,23.349542,37.101367,4.788276413,0.030608,0.001,0.056,0,0.814,0.029396856,8.092231032,2077.677228,67.0465903,61.5855903,83.94452072,0.531459639,3277.291921,456.0097329,3271.830921,2265,2710,6.41,7.17,17695,0.733,418710,191229,609939,2215,16.48,TARA_076,SRF,0.22_3,South_Atlantic,SAO,South_Atlantic_gyre,SATL,trades,T
TARA_078_DCM_0,-30.147,-43.254,118.276,19.30925,36.27495,5.038455751,0.478929,0.053,0,0.104,0.319,0.066750985,8.084949685,2064.131415,59.63819914,-58.63780086,92.53844798,0.724982814,3744.251968,578.3610479,3625.975968,3458,4628,6.83,7.18,18431,0.731,421977,48836,470813,2505,11.88,TARA_078,DCM,0.22_3,South_Atlantic,SAO,South_Atlantic_gyre,SATL,trades,T
TARA_078_MES_0,-30.147,-43.292,792.738,5.8659,34.3629,4.975920156,29.783185,0,1.946,28.21,13.93,NAN,8.08504312,2064.045829,59.07164085,-733.6663591,89.88754389,0.728185584,3734.677154,579.6915198,2941.939154,4478,7168,6.91,7.17,20751,0.721,220787,0,220787,0,33.6,TARA_078,MES,0.22_3,South_Atlantic,SAO,South_Atlantic_gyre,SATL,trades,T
TARA_078_SRF_0,-30.138,-43.29,5.574,19.854083,36.32425,5.139266775,0.197306023,0,0,0.017,0.481,-0.30176102,8.085060108,2064.089752,59.18514292,53.61114292,90.10420212,0.72863497,3736.314951,580.4747988,3730.740951,2585,3392,6.6,7.12,15863,0.736,447396,213507,660903,5498,13.6,TARA_078,SRF,0.22_3,South_Atlantic,SAO,South_Atlantic_gyre,SATL,trades,T
TARA_082_DCM_0,-47.213,-58.059,41.767,6.975635,34.057594,7.090021427,17.111823,0.135,1.416,19.07,3.078,-0.289088357,8.15629685,2019.239394,19.72770145,-22.03929855,4.396233541,0.46244995,3533.316072,469.2806794,3491.549072,2696,3778,6.44,7.18,12940,0.759,445364,0,445364,7963,8.49,TARA_082,DCM,0.22_3,South_Atlantic,SAO,SW_Atlantic_shelves,FKLD,coastal,C
TARA_082_SRF_0,-47.185,-58.295,5.48,7.321517,34.048642,7.062190262,17.091069,0.151,1.301,18.15,1.824,-0.679655275,8.15506425,2021.302551,19.78100299,14.30100299,2.511322393,0.44266299,2984.667723,442.4585632,2979.187723,2667,3890,6.36,7.21,12924,0.761,10639,0,10639,0,9.9,TARA_082,SRF,0.22_3,South_Atlantic,SAO,SW_Atlantic_shelves,FKLD,coastal,C
TARA_084_SRF_0,-60.232,-60.645,5.903,1.84402,33.71972,7.830396789,24.423039,0.266,1.723,25.3,16.55,-0.181194795,8.114379604,2148.117339,38.07432106,32.17132106,99999,0.949371978,4046.725094,236.9159185,4040.822094,2030,2876,6.16,7.2,12175,0.766,265149,0,265149,1506,8.63,TARA_084,SRF,0.22_3,Southern_Ocean,SO,Antarctic,ANTA,polar,P
TARA_085_DCM_0,-62.244,-49.183,87.438,-0.78154,34.319478,7.536288573,33.109231,0.06,2.309,31,81.82,1.319322286,8.107183528,2149.908477,49.94292982,-37.49507018,99999,0.987092967,3307.0867,222.6281044,3219.6487,1823,2654,5.87,7.15,10090,0.776,202364,0,202364,787,9.76,TARA_085,DCM,0.22_3,Southern_Ocean,SO,Antarctic,ANTA,polar,P
TARA_085_MES_0,-61.976,-49.453,783.816,0.45883,34.67996,4.722537892,38.821249,0.018,2.614,36.37,83.35,NAN,8.105529089,2150.316986,48.0581556,-735.7578444,99999,0.981678917,3285.417383,210.8733992,2501.601383,3682,6143,6.9,7.15,17413,0.732,17963,0,17963,0,16.88,TARA_085,MES,0.22_3,Southern_Ocean,SO,Antarctic,ANTA,polar,P
TARA_085_SRF_0,-62.035,-49.538,5.941,0.67108,34.35388,7.954225342,27.501159,0.107,2.111,28.5,79.52,0.12145964,8.105954074,2150.161335,48.88415925,42.94315925,99999,0.980631516,3296.126057,219.2204714,3290.185057,1645,2355,5.81,7.15,10111,0.776,411065,0,411065,0,8.15,TARA_085,SRF,0.22_3,Southern_Ocean,SO,Antarctic,ANTA,polar,P
TARA_093_DCM_0,-33.879,-73.047,33.768,16.40115,34.267975,5.49359332,0.660123,0.37,1.07,7.55,0.59,1.701729065,8.069161022,2035.477401,22.7633013,-11.0046987,26.39575516,0.431055812,4085.24185,143.1889667,4051.47385,3369,5020,6.69,7.37,16672,0.758,1664530,88789,1753319,3890,9.57,TARA_093,DCM,0.22_3,South_Pacific,SPO,Chile_Peru_current_coastal,CHIL,coastal,C
TARA_093_SRF_0,-34.049,-73.084,5.332,18.014508,34.295417,5.67083072,6.489280198,0.01,0.52,0.02,0.09,0.405128301,8.069276726,2035.048853,25.40627393,20.07427393,20.97711611,0.429144713,4735.503189,95.15065129,4730.171189,3225,4762,6.85,7.33,17398,0.751,1495550,223179,1718729,8666,8.65,TARA_093,SRF,0.22_3,South_Pacific,SPO,Chile_Peru_current_coastal,CHIL,coastal,C
TARA_094_SRF_0,-32.785,-87.085,5.43,21.131962,34.682604,5.077843123,0.34658092,0,0.28,0.03,0.09,-0.119439752,8.059710423,2023.30468,38.59337815,33.16337815,20.21740443,0.549628343,3787.792177,619.4699179,3782.362177,2711,3833,6.67,7.19,16192,0.741,NAN,NAN,NAN,NAN,16.62,TARA_094,SRF,0.22_3,South_Pacific,SPO,South_Pacific_subtropical_gyre,SPSG,trades,T
TARA_096_SRF_0,-29.724,-101.16,5.511,23.799133,35.766117,4.734426389,0.146315516,0,0.16,0.02,0.53,-0.133234876,8.050202492,2029.90437,27.31181617,21.80081617,14.04380937,0.435572918,3594.960754,835.0307555,3589.449754,2184,3194,6.15,7.1,14496,0.741,384614,0,384614,948,15.64,TARA_096,SRF,0.22_3,South_Pacific,SPO,South_Pacific_subtropical_gyre,SPSG,trades,T
TARA_098_DCM_0,-25.851,-111.773,183.312,20.171605,35.845669,4.884156132,0.213770201,0.02,0.1,0.05,0.35,0.270670299,8.058325868,2046.57326,57.76358984,-125.5484102,47.96916776,0.505811657,2838.14713,283.9441075,2654.83513,2717,3972,6.47,7.1,14256,0.742,183522,85755,269276,420,13.34,TARA_098,DCM,0.22_3,South_Pacific,SPO,South_Pacific_subtropical_gyre,SPSG,trades,T
TARA_098_MES_0,-25.815,-111.742,481.098,8.113126,34.362649,3.602842832,24.644021,0,2.02,27.29,12.05,2.113053827,8.058220277,2046.642417,57.65688039,-423.4411196,40.54524164,0.507433679,2859.706545,282.7393705,2378.608545,3103,4912,6.54,7.1,17162,0.728,54704,0,54704,0,21.12,TARA_098,MES,0.22_3,South_Pacific,SPO,South_Pacific_subtropical_gyre,SPSG,trades,T
TARA_098_SRF_0,-25.825,-111.776,5.558,25.14875,36.402683,4.653790737,0.00552163,0,0.2,0.05,0.38,-0.112881113,8.05826023,2046.572788,57.6212904,52.0632904,47.15796627,0.502669296,2856.163876,281.6527513,2850.605876,2195,3095,6.28,7.09,14079,0.742,387346,0,387346,436,14.75,TARA_098,SRF,0.22_3,South_Pacific,SPO,South_Pacific_subtropical_gyre,SPSG,trades,T
TARA_099_SRF_0,-21.146,-104.793,5.398,23.788833,36.129117,4.73277186,0.061975965,0,0.29,0.04,0.55,-0.178545449,8.058621689,2049.211532,58.87198757,53.47398757,10.94490114,0.519457553,3905.5117,794.2967528,3900.1137,2237,3185,6.4,7.11,13751,0.746,NAN,NAN,NAN,NAN,14.5,TARA_099,SRF,0.22_3,South_Pacific,SPO,South_Pacific_subtropical_gyre,SPSG,trades,T
TARA_100_DCM_0,-12.994,-95.986,57.623,20.649431,35.544655,5.026781813,1.501977,0.16,0.78,5.7,1.9,-0.175168845,8.05670325,2034.227807,42.22767419,-15.39532581,5.818627253,0.650182541,3803.985131,1415.528782,3746.362131,3053,4404,6.83,7.25,18465,0.738,384276,116141,500417,4501,13.65,TARA_100,DCM,0.22_3,South_Pacific,SPO,South_Pacific_subtropical_gyre,SPSG,trades,T
TARA_100_MES_0,-12.932,-96.119,175.257,13.014573,34.840218,0.016415402,21.068385,0.03,2.68,23.9,19.6,3.616288563,8.057308545,2034.48902,41.8835389,-133.3734611,5.148467799,0.647394538,3807.216813,1398.583564,3631.959813,3172,4805,6.68,7.23,17448,0.74,305319,0,305319,0,25.77,TARA_100,MES,0.22_3,South_Pacific,SPO,South_Pacific_subtropical_gyre,SPSG,trades,T
TARA_100_SRF_0,-12.994,-95.986,5.479,25.2512,35.835267,4.644186137,4.590737,0.14,0.68,6.2,1.2,-0.139849614,8.05670325,2034.227807,42.22767419,36.74867419,5.818627253,0.650182541,3803.985131,1415.528782,3798.506131,2412,3504,6.6,7.17,14283,0.749,464267,155789,620056,7780,14.38,TARA_100,SRF,0.22_3,South_Pacific,SPO,South_Pacific_subtropical_gyre,SPSG,trades,T
TARA_102_DCM_0,-5.27,-85.229,45.659,19.566255,34.900284,2.408048225,20.328327,1.2,1.86,24.4,10.5,2.885434235,8.0238275,2021.023575,22.48851153,-23.17048847,1.001234679,0.509109905,4168.143672,441.3483464,4122.484672,2931,4241,6.78,7.17,15878,0.741,1071414,246947,1318361,13382,11.55,TARA_102,DCM,0.22_3,South_Pacific,SPO,Pacific_equatorial_divergence,PEOD,trades,T
TARA_102_MES_0,-5.267,-85.223,475.619,9.195825,34.69255,0.10252515,40.008967,0.01,2.85,39.2,40.6,6.252952204,8.02378775,2021.064007,22.52632136,-453.0926786,1.001597366,0.509058976,4172.26184,440.9110767,3696.64284,3108,4723,6.68,7.19,17457,0.736,162019,0,162019,0,26.64,TARA_102,MES,0.22_3,South_Pacific,SPO,Pacific_equatorial_divergence,PEOD,trades,T
TARA_102_SRF_0,-5.252,-85.161,5.479,24.943108,34.748175,4.772737334,11.688971,0.32,1,12.6,5,-0.012221652,8.023589,2021.26617,23.09578256,17.61678256,1.005428913,0.509353241,4205.426886,438.212534,4199.947886,2293,3198,6.62,7.13,13566,0.75,1032721,192335,1225056,19091,12.21,TARA_102,SRF,0.22_3,South_Pacific,SPO,Pacific_equatorial_divergence,PEOD,trades,T
TARA_109_DCM_0,2.077,-84.52,29.807,26.532035,34.344808,4.704523831,3.886605,0.11,0.5,4.6,3.2,0.58839188,8.046,1900.37,21.21694326,-8.590056738,3.627453264,0.902341109,3090.937955,400.1014994,3061.130955,2501,3567,6.68,7.17,15374,0.743,824281,155101,979382,4968,13.33,TARA_109,DCM,0.22_3,North_Pacific,NPO,Chile_Peru_current_coastal,CHIL,coastal,C
TARA_109_MES_0,2.065,-84.542,376.367,11.3158,34.79985,0.058312733,33.915981,0.02,2.58,35.3,36.3,6.250859015,8.046,1900.37,21.07572037,-355.2912796,3.522334435,0.898227095,3091.381413,402.4998586,2715.014413,3372,4999,6.83,7.29,18992,0.74,137487,0,137487,0,18.31,TARA_109,MES,0.22_3,North_Pacific,NPO,Chile_Peru_current_coastal,CHIL,coastal,C
TARA_109_SRF_0,1.993,-84.577,5.401,27.617558,33.3676,4.596144962,1.210114,0.04,0.27,0.9,1.7,-0.036891491,8.046,1900.37,21.71748065,16.31648065,3.706452429,0.885107793,3046.889835,396.9676741,3041.488835,2356,3372,6.65,7.17,15162,0.745,1053096,0,1053096,0,11.13,TARA_109,SRF,0.22_3,North_Pacific,NPO,Chile_Peru_current_coastal,CHIL,coastal,C
TARA_110_DCM_0,-1.838,-84.632,48.691,21.814577,35.066093,3.352113852,10.945064,0.41,0.93,10.7,6,2.707352054,8.024,1977.77,26.43694532,-22.25405468,1.178422702,0.565819483,2222.996695,419.069523,2174.305695,2874,4207,6.8,7.19,16528,0.74,NAN,NAN,NAN,NAN,9.96,TARA_110,DCM,0.22_3,South_Pacific,SPO,South_Pacific_subtropical_gyre,SPSG,trades,T
TARA_110_MES_0,-1.867,-84.62,376.927,10.2584,34.755346,0.029516941,34.644911,0,2.8,38.1,35,6.174900552,8.024,1977.77,24.62133367,-352.3056663,1.229769121,0.562154978,2325.230904,421.9955214,1948.303904,4046,5912,7.18,7.22,19565,0.731,85282,0,85282,0,18.29,TARA_110,MES,0.22_3,South_Pacific,SPO,South_Pacific_subtropical_gyre,SPSG,trades,T
TARA_110_SRF_0,-2.009,-84.59,5.465,23.8683,35.0193,4.422270206,6.729337,0.31,0.75,8.2,3.9,0.327867825,8.024,1977.77,23.51605337,18.05105337,1.467393596,0.54075214,2467.996248,389.470314,2462.531248,2640,3820,6.73,7.18,15814,0.743,646867,189912,836779,12656,12.81,TARA_110,SRF,0.22_3,South_Pacific,SPO,South_Pacific_subtropical_gyre,SPSG,trades,T
TARA_111_DCM_0,-16.962,-100.696,88.99,19.881449,35.687249,4.905844799,1.411516,0.2,0.44,0.93,0.9,0.095570113,8.067947103,2056.38255,65.14945115,-23.84054885,5.35827242,0.629405366,3992.136698,1434.243288,3903.146698,2758,4020,6.69,7.1,15057,0.738,603813,87283,691096,2476,12.14,TARA_111,DCM,0.22_3,South_Pacific,SPO,South_Pacific_subtropical_gyre,SPSG,trades,T
TARA_111_MES_0,-16.957,-100.659,347.147,10.893125,34.698369,0.073468287,30.409013,0.01,2.73,34.61,26,5.340092582,8.068467742,2058.461165,71.42625731,-275.7207427,3.127317242,0.651500333,3951.079928,1437.752301,3603.932928,3033,4823,6.67,7.14,17558,0.731,65052,0,65052,0,17.63,TARA_111,MES,0.22_3,South_Pacific,SPO,South_Pacific_subtropical_gyre,SPSG,trades,T
TARA_111_SRF_0,-16.96,-100.63,5.89,22.76873,35.97144,4.845019911,2.568726,0.04,0.5,2.68,1,-0.066455822,8.06772168,2056.531396,63.84488516,57.95488516,4.923208316,0.638992134,3922.091441,1440.088824,3916.201441,2470,3597,6.63,7.13,14494,0.744,498513,112358,610871,5839,13.14,TARA_111,SRF,0.22_3,South_Pacific,SPO,South_Pacific_subtropical_gyre,SPSG,trades,T
TARA_112_DCM_0,-23.193,-129.538,153.544,22.261435,35.939945,4.803674517,0.476585,0,0.11,0.02,0.7,0.192597461,8.086318417,2050.02925,109.3539848,-44.19001522,39.23662901,0.515658821,3670.299207,147.2629953,3516.755207,2987,4437,6.58,7.17,17754,0.732,207805,106641,314446,604,13.95,TARA_112,DCM,0.22_3,South_Pacific,SPO,South_Pacific_subtropical_gyre,SPSG,trades,T
TARA_112_MES_0,-23.201,-129.638,689.263,5.791448,34.305001,4.614501899,29.181849,0.01,2.15,31.46,20.6,NAN,8.086423698,2049.999178,105.6028334,-583.6601666,40.96759259,0.52255041,3583.604016,139.9705748,2894.341016,4077,6788,6.72,7.31,20948,0.734,49879,0,49879,0,18.48,TARA_112,MES,0.22_3,South_Pacific,SPO,South_Pacific_subtropical_gyre,SPSG,trades,T
TARA_112_SRF_0,-23.281,-129.395,5.439,24.237467,36.453917,4.691998174,0.005738801,0.01,0.14,0.03,0.8,-0.148867373,8.086181249,2049.677146,112.1713692,106.7323692,88.13590505,0.496198908,3655.0552,132.3201161,3649.6162,2653,4081,6.52,7.12,16502,0.733,493328,118066,611394,321,15.28,TARA_112,SRF,0.22_3,South_Pacific,SPO,South_Pacific_subtropical_gyre,SPSG,trades,T
TARA_122_DCM_0,-8.979,-139.198,113.252,24.69625,36.097575,4.174013388,2.333576,0.1,0.59,2.8,1.8,0.224910978,8.050339016,2008.883928,98.60135498,-14.65064502,25.94786556,0.434473886,3066.045482,26.71865866,2952.793482,3284,4766,6.8,7.31,19658,0.739,386471,83890,470361,1055,14.96,TARA_122,DCM,0.22_3,South_Pacific,SPO,South_Pacific_subtropical_gyre,SPSG,trades,T
TARA_122_MES_0,-8.993,-139.232,594.575,7.212238,34.580675,0.882963989,42.53205,0.02,2.43,34.63,22.49,5.07252357,8.050493762,2008.984532,98.73035114,-495.8446489,26.28081484,0.436198831,3006.111243,23.16226963,2411.536243,4285,6483,7.13,7.27,21889,0.727,89468,0,89468,0,23.08,TARA_122,MES,0.22_3,South_Pacific,SPO,South_Pacific_subtropical_gyre,SPSG,trades,T
TARA_122_SRF_0,-8.99,-139.213,5.86,26.54413,35.3662,4.317674112,3.986359,0.12,0.57,5.46,2.19,-0.429044983,8.050414913,2008.918304,98.6213496,92.7613496,26.06033286,0.436521571,3020.467403,24.79045129,3014.607403,2417,3614,6.58,7.13,16069,0.736,NAN,150974,150974,5770,13.47,TARA_122,SRF,0.22_3,South_Pacific,SPO,South_Pacific_subtropical_gyre,SPSG,trades,T
TARA_123_MIX_0,-8.904,-140.285,147.984,22.1151,35.88072,3.741753783,5.023264,1.47,0.66,5.43,1.19,0.823998802,8.060629472,2017.634322,103.6581517,-44.32584833,222.0890484,0.250305503,2290.86742,31.92087336,2142.88342,3502,5632,6.28,7.19,19275,0.729,236172,9851,246023,191,13.23,TARA_123,MIX,0.22_3,South_Pacific,SPO,South_Pacific_subtropical_gyre,SPSG,trades,T
TARA_123_SRF_0,-8.907,-140.284,5.538,26.576175,35.359483,4.399195915,3.868407,0.14,0.53,4.9,2.22,-0.40247594,8.054470741,2013.214834,96.20000352,90.66200352,217.1180617,0.300256496,2292.924075,32.05828684,2287.386075,2819,4526,6.5,7.21,19169,0.731,721664,31112,752776,10279,9.69,TARA_123,SRF,0.22_3,South_Pacific,SPO,South_Pacific_subtropical_gyre,SPSG,trades,T
TARA_124_MIX_0,-9.067,-140.62,118.282,25.221787,35.797875,4.079541303,4.458677,0.35,0.49,1.21,1.47,0.364100945,8.061885942,2018.525302,104.0251519,-14.25684812,70.96402745,0.26814016,2637.329116,40.35273729,2519.047116,3419,5265,6.6,7.21,19030,0.732,446146,17646,463792,8414,13.23,TARA_124,MIX,0.22_3,South_Pacific,SPO,South_Pacific_subtropical_gyre,SPSG,trades,T
TARA_124_SRF_0,-9.11,-140.576,9.899,26.518986,35.396729,4.42174218,5.111856,0.16,0.63,6.18,2.52,-0.03412402,8.061634228,2018.318035,104.4267912,94.52779125,66.53632699,0.265080318,2560.340135,43.7305713,2550.441135,2532,3812,6.62,7.21,17533,0.738,705265,250340,955605,10669,12.83,TARA_124,SRF,0.22_3,South_Pacific,SPO,South_Pacific_subtropical_gyre,SPSG,trades,T
TARA_125_MIX_0,-8.9,-142.582,138.169,23.706525,36.272675,3.723933799,3.67243,0.06,0.56,3.15,1.34,0.713741536,8.04302516,2007.669887,100.3763521,-37.7926479,15.82982359,0.285650387,4417.814068,246.7989081,4279.645068,3359,5430,6.34,7.25,20052,0.732,301709,413,302122,8,18.06,TARA_125,MIX,0.22_3,South_Pacific,SPO,South_Pacific_subtropical_gyre,SPSG,trades,T
TARA_125_SRF_0,-8.911,-142.557,5.456,26.780158,35.427733,4.342555928,4.985942,0.19,0.56,3.73,1.8,-0.04458358,8.042862662,2007.648662,100.6584894,95.20248944,15.60162557,0.28282349,4420.587745,247.1101186,4415.131745,2530,3865,6.67,7.17,17303,0.734,800561,146848,947408,5808,14.17,TARA_125,SRF,0.22_3,South_Pacific,SPO,South_Pacific_subtropical_gyre,SPSG,trades,T
TARA_128_DCM_0,0,-153.675,41.657,26.080233,35.135422,4.102176732,4.36571,0.28,0.55,5.26,2.74,-0.037207398,8.056136,1958.167535,77.55333792,35.89633792,19.80807408,0.34812991,4705.51194,424.5715,4663.85494,3128,4723,6.74,7.25,19859,0.733,484331,181360,665691,7895,14.59,TARA_128,DCM,0.22_3,South_Pacific,SPO,Pacific_equatorial_divergence,PEOD,trades,T
TARA_128_SRF_0,0,-153.679,5.447,26.074467,35.100467,4.168678235,2.467162,0.27,0.54,5.08,2.67,-0.075517081,8.05613408,1958.18032,77.58526095,72.13826095,19.90810159,0.34909054,4706.519807,424.5715,4701.072807,2977,4617,6.67,7.18,18140,0.732,435093,179847,614940,7872,12.27,TARA_128,SRF,0.22_3,South_Pacific,SPO,Pacific_equatorial_divergence,PEOD,trades,T
TARA_132_DCM_0,31.503,-159.064,113.793,15.284298,34.36909,5.222830582,0.732507,0.02,0.13,0.05,4.45,0.214003247,8.081383331,2009.704757,36.79695135,-76.99604865,103.4748087,0.583504842,5756.094436,1008.919064,5642.301436,3385,5352,6.56,7.12,17994,0.727,278945,46488,325434,673,10.26,TARA_132,DCM,0.22_3,North_Pacific,NPO,North_Pacific_subtropical_and_polar_front,NPST,westerlies,W
TARA_132_MES_0,31.531,-159.016,545.519,6.689724,34.000507,3.212114749,29.0941,0,1.22,17.49,22.34,3.472375352,8.081317598,2009.581027,36.50699926,-509.0120007,103.5788215,0.589689031,5765.669172,1014.607279,5220.150172,3656,6357,6.83,7.21,19674,0.729,NAN,NAN,NAN,NAN,18.11,TARA_132,MES,0.22_3,North_Pacific,NPO,North_Pacific_subtropical_and_polar_front,NPST,westerlies,W
TARA_132_SRF_0,31.521,-158.998,5.453,25.173925,35.181842,4.582114836,0.035849961,0,0.01,0.01,2.43,-0.114048152,8.081301302,2009.510085,36.1734225,30.7204225,104.7617542,0.587902227,5766.677044,1016.195923,5761.224044,2212,3275,6.43,7.1,14422,0.741,416576,121337,537913,932,12.62,TARA_132,SRF,0.22_3,North_Pacific,NPO,North_Pacific_subtropical_and_polar_front,NPST,westerlies,W
TARA_133_DCM_0,35.417,-127.695,47.215,13.159842,33.241367,5.267681086,4.832723,0.08,0.46,1.3,2.84,-0.081550598,8.049182263,1987.696861,31.14974451,-16.06525549,4.730521331,0.655286217,4725.891253,505.8465939,4678.676253,3369,4939,6.87,7.14,17038,0.733,803786,96011,899797,9392,11.64,TARA_133,DCM,0.22_3,North_Pacific,NPO,North_Pacific_subtropical_and_polar_front,NPST,westerlies,W
TARA_133_MES_0,35.315,-127.738,644.642,4.936634,34.329655,0.198654521,44.082977,0,3.29,44.24,113.32,NAN,8.049384994,1987.676444,30.94485368,-613.6971463,2.499087304,0.64758111,4751.762999,516.0590847,4107.120999,4239,7460,6.98,7.17,21208,0.72,NAN,NAN,NAN,NAN,25.4,TARA_133,MES,0.22_3,North_Pacific,NPO,North_Pacific_subtropical_and_polar_front,NPST,westerlies,W
TARA_133_SRF_0,35.407,-127.743,5.461,19.249733,33.099008,5.191116242,0.019116191,0,0.29,0.02,1.91,-0.0122064,8.04920578,1987.73731,31.09668988,25.63568988,3.876816397,0.653126688,4726.312538,509.8362293,4720.851538,2816,4003,6.71,7.15,15279,0.742,1000349,169828,1170177,6068,13,TARA_133,SRF,0.22_3,North_Pacific,NPO,North_Pacific_subtropical_and_polar_front,NPST,westerlies,W
TARA_137_DCM_0,14.175,-116.707,44.174,18.594842,34.372667,2.209838606,11.003135,0.31,0.88,6.05,4.66,1.201944336,8.067829421,1895.10772,35.24937078,-8.924629217,103.1650806,0.76503383,4094.4883,501.1881914,4050.3143,3055,4997,6.08,7.21,17574,0.738,4323439,93168,4416607,4746,31.1,TARA_137,DCM,0.22_3,North_Pacific,NPO,North_Pacific_equatorial_countercurrent,PNEC,trades,T
TARA_137_MES_0,14.174,-116.66,370.97,8.911481,34.586699,0.014557719,35.716708,0.01,2.95,34.55,46.62,6.288335647,8.067820656,1895.555246,35.2246285,-335.7453715,98.95363426,0.759542653,4094.4883,496.349309,3723.5183,3902,6924,6.25,7.26,20606,0.731,132720,0,132720,0,32.06,TARA_137,MES,0.22_3,North_Pacific,NPO,North_Pacific_equatorial_countercurrent,PNEC,trades,T
TARA_137_SRF_0,14.202,-116.629,5.371,26.4091,33.884425,4.517211831,3.241307,0.07,0.46,2.44,2.54,-0.173936513,8.06774478,1895.884364,35.28305357,29.91205357,97.35565206,0.755340955,4094.4883,491.8917903,4089.1173,2330,3365,6.61,7.13,13939,0.747,755425,273894,1029319,10134,12.18,TARA_137,SRF,0.22_3,North_Pacific,NPO,North_Pacific_equatorial_countercurrent,PNEC,trades,T
TARA_138_DCM_0,6.337,-102.98,58.103,19.048358,34.611755,1.784705857,22.087762,0.83,1.11,12.9,8.07,2.64611316,8.03889925,1894.39499,28.06676488,-30.03623512,287.2241617,0.839779859,3081.065901,864.2941613,3022.962901,2984,4312,6.64,7.12,16960,0.732,306105,60313,366418,3630,10.28,TARA_138,DCM,0.22_3,North_Pacific,NPO,North_Pacific_equatorial_countercurrent,PNEC,trades,T
TARA_138_MES_0,6.369,-103.069,444.884,8.210557,34.608434,0.018073215,36.886053,0.01,3.16,36.22,52.92,6.227022337,8.03874725,1894.46763,27.92800206,-416.9559979,296.2175199,0.842140516,3059.484308,795.9842633,2614.600308,3860,6404,6.28,7.3,20553,0.735,130743,0,130743,0,36.26,TARA_138,MES,0.22_3,North_Pacific,NPO,North_Pacific_equatorial_countercurrent,PNEC,trades,T
TARA_138_SRF_0,6.333,-102.943,5.353,26.6362,33.407042,4.555755045,3.675123155,0,0.16,0,1.19,-0.115208049,8.03891825,1894.38591,28.01964608,22.66664608,283.7898205,0.83861479,3083.014119,861.6697094,3077.661119,2661,4306,6.51,7.12,17717,0.728,394198,222835,617033,1567,14.79,TARA_138,SRF,0.22_3,North_Pacific,NPO,North_Pacific_equatorial_countercurrent,PNEC,trades,T
TARA_140_SRF_0,7.412,-79.303,5.41,26.62925,28.919008,4.729629193,0.490779148,0,0.08,0,0.54,-0.029803138,8.064,2011.97,31.14607096,25.73607096,446.968087,0.718302757,1112.807833,91.08547924,1107.397833,2919,4459,6.73,7.19,17614,0.735,867923,264990,1132914,5808,13.47,TARA_140,SRF,0.22_3,North_Pacific,NPO,Central_American_coastal,CAMR,coastal,C
TARA_141_SRF_0,9.849,-80.038,5.432,27.119358,34.347208,4.528426573,7.14582078,0,0.01,0,2.93,0.029170909,8.066,2004.32,74.45196886,69.01996886,548.8303031,0.703155611,1832.146592,61.71908029,1826.714592,2904,4633,6.68,7.23,16828,0.743,439099,139450,578549,2277,9.91,TARA_141,SRF,0.22_3,North_Atlantic,NANO,GuiaNANs_coastal,GUIA,coastal,C
TARA_142_DCM_0,25.656,-88.471,123.712,24.948842,36.172194,4.477202094,0.439852,0.02,0.02,0.06,1.17,1.370556695,8.104715431,2018.263652,40.47287687,-83.23912313,42.17734065,0.492577375,3115.590597,355.7629,2991.878597,3131,4745,6.8,7.2,18707,0.732,602824,66588,669412,1253,10.81,TARA_142,DCM,0.22_3,North_Atlantic,NANO,Caribbean,CARB,coastal,C
TARA_142_MES_0,25.631,-88.444,634.751,9.756257,35.165658,2.508876326,31.851193,0,1.22,20.25,8.62,NAN,8.104809637,2018.230108,37.60530666,-597.1456933,44.39329535,0.501107013,3098.582735,353.922101,2463.831735,3709,5980,6.84,7.33,20525,0.738,145742,0,145742,0,19.63,TARA_142,MES,0.22_3,North_Atlantic,NANO,Caribbean,CARB,coastal,C
TARA_142_SRF_0,25.51,-88.383,5.443,24.96555,36.193733,4.507361532,1.16343392,0.02,0,0.05,1.22,0.027495613,8.105090071,2018.40073,45.80143498,40.35843498,48.94507383,0.543458578,3217.637776,347.2142227,3212.194776,2942,4605,6.73,7.19,17734,0.735,436017,89629,525647,1597,11.47,TARA_142,SRF,0.22_3,North_Atlantic,NANO,Caribbean,CARB,coastal,C
TARA_145_MES_0,39.188,-70.076,585.697,5.067239,34.969202,5.335888469,19.854511,0.01,1.47,21.5,13.73,1.890659219,8.107964747,2068.680376,173.3180446,-412.3789554,274.539422,0.857346209,2676.23962,204.5811463,2090.54262,4021,6973,6.88,7.2,19418,0.729,54937,0,54937,0,25.99,TARA_145,MES,0.22_3,North_Atlantic,NANO,Gulf_stream,GFST,westerlies,W
TARA_145_SRF_0,39.23,-70.033,5.529,14.11885,35.18335,5.420665989,3.478193,0.11,0.35,4.38,2.77,0.236373854,8.107764306,2068.707935,180.6062455,175.0772455,256.9014417,0.85700977,2645.840634,199.4284639,2640.311634,3373,4571,6.76,7.16,14527,0.747,374730,22789,397520,7749,9.99,TARA_145,SRF,0.22_3,North_Atlantic,NANO,Gulf_stream,GFST,westerlies,W
TARA_146_MES_0,34.634,-71.26,633.32,11.012346,35.402185,3.20133558,21.830872,0,1.31,20.03,13.24,NAN,8.12368604,2074.992311,252.4573215,-380.8626785,448.3859984,0.967250408,4476.706818,385.3054691,3843.386818,3683,6301,6.74,7.15,18701,0.727,78074,0,78074,0,21.43,TARA_146,MES,0.22_3,North_Atlantic,NANO,North_Atlantic_W_subtropical_gyre,NANST_W,westerlies,W
TARA_146_SRF_0,34.678,-71.302,11.692,19.1288,36.4626,4.974950856,0.859819,0.22,0.02,0.74,0.94,-0.033062343,8.123778161,2075.191998,243.9831588,232.2911588,442.998419,0.966528518,4496.947912,390.2769615,4485.255912,2967,4362,6.55,7.15,15917,0.739,338145,27459,365604,4165,10.76,TARA_146,SRF,0.22_3,North_Atlantic,NANO,North_Atlantic_W_subtropical_gyre,NANST_W,westerlies,W
TARA_148_SRF_0,31.696,-64.247,6.054,20.3973,36.5996,4.933766125,0.235196311,0.09,0,0.15,0.73,0.006474834,8.120879846,2075.307888,162.909485,156.855485,89.75554293,0.696056019,4212.372237,77.35611044,4206.318237,2900,4282,6.75,7.17,15943,0.741,318391,45701,364093,1911,10.27,TARA_148,SRF,0.22_3,North_Atlantic,NANO,North_Atlantic_W_subtropical_gyre,NANST_W,westerlies,W
TARA_148b_MES_0,34.016,-56.867,246.368,18.169021,36.563668,4.450599026,4.042901,0.03,0.18,4.13,1.62,0.428774771,8.104673819,2090.905623,176.3973878,-69.97061224,148.5620651,0.928090051,5516.16196,742.5854389,5269.79396,3903,6550,6.45,7.18,19854,0.726,174983,0,174983,0,14.62,TARA_148b,MES,0.22_3,North_Atlantic,NANO,North_Atlantic_W_subtropical_gyre,NANST_W,westerlies,W
TARA_149_MES_0,34.097,-49.781,734.34,10.565417,35.375245,3.597078907,21.26922,0.01,1.36,21.11,11.38,NAN,8.11083114,2091.121044,234.2684355,-500.0715645,154.5540015,0.69334397,5005.221281,1371.948826,4270.881281,3643,6109,6.78,7.16,19185,0.726,74179,0,74179,0,24.19,TARA_149,MES,0.22_3,North_Atlantic,NANO,North_Atlantic_W_subtropical_gyre,NANST_W,westerlies,W
TARA_149_SRF_0,34.096,-49.891,5.531,18.732683,36.4072,5.109861517,0.540880475,0.25,0.06,0.68,0.8,-0.116843729,8.110581038,2091.174867,227.0985864,221.5675864,151.3054858,0.700279043,4898.231524,1379.605132,4892.700524,2962,4325,6.71,7.14,15146,0.742,379018,54719,433737,7375,9.68,TARA_149,SRF,0.22_3,North_Atlantic,NANO,North_Atlantic_W_subtropical_gyre,NANST_W,westerlies,W
TARA_150_DCM_0,35.751,-37.051,39.779,17.663574,36.240197,5.339745526,1.210278,0.04,0,0.17,0.84,-0.139842917,8.12030589,2088.796868,108.528531,68.74953105,63.28901347,0.815777635,2992.126,652.1285514,2952.347,2919,4225,6.75,7.22,17444,0.739,579589,114413,694003,6137,11.62,TARA_150,DCM,0.22_3,North_Atlantic,NANO,North_Atlantic_W_subtropical_gyre,NANST_W,westerlies,W
TARA_150_SRF_0,35.907,-37.261,5.53,17.583075,36.3123,5.29933779,0.31970201,0.04,0.01,0.17,0.84,-0.186543094,8.121176018,2088.379653,100.6847163,95.15471632,54.63393575,0.794060804,3010.164911,654.8810815,3004.634911,2918,4161,6.78,7.13,14688,0.743,514205,146022,660227,7940,11.09,TARA_150,SRF,0.22_3,North_Atlantic,NANO,North_Atlantic_W_subtropical_gyre,NANST_W,westerlies,W
TARA_151_DCM_0,36.194,-28.883,77.57,16.751066,36.162887,5.302507891,1.56535,0.01,0.01,0.05,0.63,-0.08920591,8.101158176,2102.616081,97.60263964,20.03263964,148.7145681,0.594958303,3496.063,258.7552593,3418.493,3599,5286,6.94,7.16,17701,0.732,259770,11716,271485,879,10.44,TARA_151,DCM,0.22_3,North_Atlantic,NANO,North_Atlantic_E_subtropical_gyre,NANST_E,westerlies,W
TARA_151_SRF_0,36.156,-29.009,5.402,17.260108,36.23775,5.384290723,0.334082,0.02,0.01,0.02,0.65,-0.232594601,8.101417651,2102.358187,95.29244039,89.89044039,118.7521606,0.58367724,3496.063,229.1514974,3490.661,2822,4021,6.78,7.12,14772,0.742,377257,66886,444143,3569,9.28,TARA_151,SRF,0.22_3,North_Atlantic,NANO,North_Atlantic_E_subtropical_gyre,NANST_E,westerlies,W
TARA_152_MES_0,43.736,-16.88,791.769,10.21177,35.539507,4.064867803,18.205769,0.011,1.12,18.03,10.38,NAN,8.106040712,2106.136772,211.5123893,-580.2566107,58.27055128,0.87816441,3574.062401,606.9410652,2782.293401,3626,6000,6.77,7.21,19541,0.73,83945,0,83945,0,21.05,TARA_152,MES,0.22_3,North_Atlantic,NANO,North_Atlantic_E_subtropical_gyre,NANST_E,westerlies,W
TARA_152_MIX_0,43.79,-16.887,23.857,14.306744,35.998428,5.552588395,3.834402,0.32,0.17,2.26,1.26,-0.047681216,8.106010644,2106.148013,212.4589112,188.6019112,63.65981901,0.860096384,3599.536461,602.7040223,3575.679461,3303,4734,6.87,7.18,15780,0.743,611238,77339,688577,6069,10.46,TARA_152,MIX,0.22_3,North_Atlantic,NANO,North_Atlantic_E_subtropical_gyre,NANST_E,westerlies,W
TARA_152_SRF_0,43.688,-16.852,5.414,14.28065,35.986042,5.640347831,2.999226,0.31,0.16,2.16,1.24,-0.062200013,8.105986438,2106.176286,205.9893875,200.5753875,58.5209174,0.878573355,3697.987567,610.891246,3692.573567,3084,4331,6.82,7.18,14843,0.748,555269,104028,659297,7551,10.51,TARA_152,SRF,0.22_3,North_Atlantic,NANO,North_Atlantic_E_subtropical_gyre,NANST_E,westerlies,W