18.848,0.13828,11.172,14.049,6.3575,10.905,21.605,9.0058,3.6399,13.06,4.999,7.3113,16.044,14.349,15.609,23.814,-2.3909,41.224,23.765,34.802,23.071,-15.114,25.631,25.333,0.018246,26.118,29.85,7.8158,-3.6686,8.5427,10.924,24.04,5.7401,-3.3798,5.4005,3.5203,12.926,13.322,0.95174,6.8098,2.7672,6.2651,18.736,13.564,1.2034,13.481,13.24,4.2508,2.35,5.3151,16.349,-7.6406,4.5992,14.665,29.582,23.002,23.373,6.3882,15.318,15.062,22.57,-1.9572,16.39,-5.6394,-1.6488,8.0265,17.706,22.79,-0.2994,-12.452,8.8086,20.259,10.962,23.855,21.6,-11.046,18.925,12.934,6.7798,17.631,11.448,31.313,9.8888,21.464,23.068,-3.8586,8.1202,11.486,13.389,7.766,23.89,-1.4019,27.477,-9.7341,-3.6386,8.2807,12.322,16.734,11.686,14.21
0.66602,21.69,2.2638,6.0672,20.216,8.3037,5.8109,17.587,-2.8696,-6.5898,2.0815,1.8307,30.675,11.742,10.775,19.897,5.7221,9.6621,11.729,31.33,12.993,-0.11627,14.431,24.566,22.022,6.6902,13.135,0.76869,26,15.875,13.079,-5.9037,9.0836,3.9237,16.07,25.452,8.9626,6.8081,12.356,18.029,-6.5917,16.023,0.37158,36.927,16.745,17.748,11.802,4.9284,9.3145,-0.52527,-5.7543,14.256,-1.8188,15.248,-9.3031,5.6186,5.9682,-3.2164,11.134,4.2394,2.1682,-6.9831,18.183,19.05,17.094,-7.3271,11.456,24.813,4.0593,22.136,11.43,16.191,14.241,8.4269,36.785,2.8054,10.367,-0.38809,29.99,12.264,5.4635,-0.28668,19.255,16.086,3.4522,13.06,9.2054,8.0879,6.4011,15.913,19.786,8.8948,6.4716,6.6678,20.611,28.811,3.4387,36.412,7.808,18.54
10.99,16.051,28.204,27.895,18.773,19.114,17.456,27.188,13.306,1.5432,12.06,0.79249,13.217,15.37,12.497,13.323,11.049,-4.7283,2.9204,18.273,15.664,1.7395,23.605,1.4291,12.807,8.1722,22.782,4.1189,4.5152,12.327,4.088,11.783,2.5491,10.583,-1.1937,28.485,21.33,11.329,28.855,-4.659,16.678,7.6677,11.529,12.926,14.08,11.221,-2.7751,31.164,15.986,5.8405,-3.2092,18.391,1.499,17,7.4736,15.673,21.068,0.49107,8.4703,4.4698,14.088,-1.3816,9.0082,26.591,9.9663,5.8742,8.9566,20.742,-5.0465,22.803,-6.3615,24.449,29.741,11.352,23.89,-2.7301,19.285,3.9613,23.663,8.7143,6.1641,10.313,-6.3583,23.551,9.0762,20.759,0.54695,22.393,-12.228,17.805,-2.1514,-15.586,9.7352,19.988,15.298,25.97,0.66225,13.467,24.194,16.142
19.789,7.0124,-9.7883,12.258,7.8889,10.605,7.0933,-8.8095,2.5136,22.551,-0.83954,15.854,21.753,-0.6494,5.8045,3.5395,9.5134,4.4952,10.556,29.737,16.315,13.72,14.234,-1.0609,33.82,1.03,16.086,19.377,17.25,11.8,13.579,11.246,-16.305,-21.114,6.4088,27.252,20.387,-1.5854,6.3432,18.233,32.972,23.036,18.805,0.81535,25.896,29.089,11.467,-7.0554,9.2072,28.288,10.848,-4.6282,10.365,-12.296,19.024,7.7522,4.9462,8.2584,14.848,4.7667,0.33291,10.256,11.581,21.838,5.5747,4.1811,11.768,20.794,21.005,11.122,12.829,4.0492,20.523,9.7364,11.979,15.632,19.477,2.7361,1.2753,28.339,8.3536,11.603,0.37014,17.927,6.2622,17.263,5.6583,12.335,9.963,10.33,9.9784,17.332,3.8184,41.547,4.352,13.146,11.185,17.163,2.7762,19.147
34.256,-1.8632,-2.2184,8.1801,7.1471,19.305,6.4445,5.0696,5.5172,30.204,15.337,6.191,-3.8336,0.21671,8.6061,4.6109,10.051,25.189,20.953,3.8877,29.272,-2.0027,-4.4477,3.2678,18.046,5.89,-5.2789,6.5886,28.815,26.256,27.258,18.668,24.136,-9.9674,22.525,10.485,2.595,3.4406,0.30716,8.1371,-1.0466,5.9647,4.7227,9.3585,13.585,15.371,0.91351,4.214,15.755,13.345,15.117,6.7211,22.732,25.005,21.141,13.237,11.597,9.5838,9.7939,13.346,13.693,-2.3416,15.463,0.45426,19.927,-0.22581,21.385,-0.61108,18.841,11.936,4.6251,11.395,15.657,11.414,10.874,16.76,-2.6553,16.209,21.603,4.4017,3.4838,4.5391,19.044,11.339,21.756,4.7622,8.1073,20.472,-9.0528,9.1776,5.5857,16.666,19.679,4.0914,7.6122,27.406,6.5732,8.612,22.362,11.42
33.983,19.532,7.5511,11.384,-3.0747,8.3901,13.356,-15.714,10.109,3.8065,-0.092288,-1.9003,6.4894,17.556,14.202,12.298,-7.8488,15.218,11.898,18.676,22.727,17.836,24.398,2.1512,8.7044,7.7838,-0.15574,9.839,7.3095,16.074,2.7783,15.352,5.2432,3.9316,19.715,2.2698,10.646,17.052,6.0984,-6.2214,14.885,18.357,8.1912,14.352,14.354,4.1038,7.6714,24.365,19.953,7.8004,6.2187,7.157,26.63,15.845,-2.7814,-6.1378,-0.12294,16.669,15.142,0.16003,3.8696,3.7348,13.876,-8.3382,7.0321,8.4173,10.447,6.066,-1.4268,8.6839,8.6859,14.003,10.066,8.4802,36.722,7.0764,16.397,16.046,-4.6932,-8.5263,11.633,8.0493,5.6697,6.197,10.068,7.724,-23.318,16.287,-7.0242,7.5554,4.0462,6.0752,5.6356,16.027,18.776,4.9903,12.255,12.401,2.6162,-2.1036
2.5718,40.954,21.499,21.934,24.247,22.449,-0.53935,3.377,8.2515,8.6174,21.317,4.5424,2.9511,8.1185,14.346,20.212,20.498,5.2153,8.8034,6.5352,10.076,-1.8525,14.466,6.7609,3.8522,19.322,-7.962,8.4189,16.792,-6.5999,14.078,13.161,6.8803,16.405,18.205,7.6018,16.255,21.644,9.1317,3.9169,5.7639,-1.6805,16.757,-3.8012,29.892,12.855,6.9661,2.8959,26.484,19.246,22.517,-1.8831,-16.488,7.1485,23.141,-12.751,12.988,4.9934,7.2245,14.209,15.503,19.661,7.2594,3.0217,2.2191,-12.821,18.536,10.191,28.108,8.535,11.146,5.8534,23.595,26.646,19.684,10.684,21.493,10.684,8.8035,-9.3373,10.277,27.339,11.616,1.3254,-5.9083,16.048,10.172,7.7813,18.451,10.799,-8.4852,2.5967,19.984,8.7155,2.3823,9.258,-4.4193,13.838,14.271,-0.74704
31.04,-1.0367,19.599,5.8074,10.906,19.136,9.9449,2.9329,11.44,6.0592,1.1056,5.3614,30.058,-6.3647,10.306,20.464,19.516,5.1371,3.3335,-3.4309,8.7013,3.8192,10.569,3.8976,14.441,17.248,8.2762,-6.2941,19.751,0.04216,8.8212,25.638,13.97,2.7483,18.942,9.6542,11.887,9.5366,30.988,16.08,5.9922,10.502,15.867,22.942,0.44144,10.737,14.859,22.436,18.588,28.435,15.543,0.613,29.464,24.732,9.5413,-2.9637,5.6661,15.225,3.6627,15.397,-6.2154,8.9997,10.147,11.677,22.907,14.444,8.3187,-6.1161,26.791,16.087,9.4361,6.9351,17.596,16.242,-1.4709,9.8846,9.8994,3.3289,21.16,20.629,6.4078,12.832,23.918,9.892,20.04,4.6792,22.834,5.2943,9.7021,4.7412,6.3917,-5.0812,9.305,23.915,18.48,-2.8534,22.543,23.296,-6.8366,11.637
10.452,-4.0569,3.5071,7.377,12.645,0.10311,10.622,20.683,3.9107,5.0052,5.3673,-4.2277,3.4199,6.2492,3.2246,11.968,-9.2292,13.431,-4.436,8.2581,10.997,22.959,-2.105,6.6233,8.4116,20.711,7.856,14.382,5.5731,6.6374,13.424,-1.4356,-15.343,15.95,15.331,13.801,2.3025,2.5843,14.271,14.299,23.205,2.4799,-0.079662,1.3657,15.32,17.132,7.125,8.7203,19.708,16.363,-1.402,15.358,25.781,22.284,19.229,15.003,1.8919,17.083,7.0229,6.9735,18.125,19.425,15.935,30.25,6.6511,21.493,7.5032,9.3899,20.164,9.234,12.605,0.43281,14.945,10.698,13.287,-17.34,12.576,28.532,4.3319,-5.0208,-1.754,5.0637,22.548,20.74,-2.8111,7.2449,11.986,10.589,-1.5147,0.22402,14.883,0.43835,13.294,9.8829,17.806,-7.9843,8.5596,2.9319,-7.9084,21.557
17.64,-3.0684,9.4232,5.6876,8.9659,14.32,16.706,14.88,12.48,12.725,3.0706,8.8613,23.264,3.0145,-0.090233,19.331,12.269,7.285,19.056,27.029,13.361,18.888,2.4662,11.048,18.356,2.9306,2.5087,-11.589,16.802,1.8753,10.729,18.932,24.892,3.0352,-7.4224,8.5024,13.535,0.68626,23.042,7.3155,5.1591,24.6,2.9414,-15.151,1.6804,8.7387,5.7026,11.898,-11.092,14.044,13.471,14.968,-0.63929,7.0188,9.9731,-1.8045,23.182,0.4233,-4.7192,4.6125,5.7174,27.72,11.601,12.945,12.631,17.456,-1.7934,2.3404,0.20109,17.485,-1.0318,33.187,26.592,5.3581,20.969,9.4004,15.365,36.787,21.141,-10.053,19.915,-10.562,11.788,11.52,10.271,-8.9274,15.102,6.9771,3.7132,3.37,8.2044,17.09,16.152,5.7861,5.3063,0.33093,2.9026,21.072,13.811,-2.9337
-8.3765,0.244,-20.689,-3.4819,11.851,9.1981,13.013,9.5384,25.763,-0.66359,15.608,-1.1188,19.828,-0.89895,3.0757,21.55,11.706,18.433,12.343,7.3023,20.683,4.7093,8.7406,20.946,16.754,4.7007,-2.7529,0.29709,15.386,15.167,15.425,0.50217,6.1997,6.1416,13.803,-7.1123,4.6316,22.026,13.166,16.46,0.77037,-1.9301,4.6441,16.663,29.609,13.08,1.3403,-5.3802,-2.8159,-0.22396,6.434,11.878,18.792,-10.731,5.8551,6.172,17.372,15.275,17.696,10.29,1.3868,0.35247,4.0434,19.532,14.73,0.67018,17.759,7.1982,5.343,9.7848,7.1769,-8.6791,-2.0621,9.8211,-3.4927,2.9171,-6.8786,14.597,-7.679,16.783,16.584,16.911,-3.4215,14.879,23.111,20.804,-3.2825,1.6586,-8.569,11.778,4.0221,15.474,12.098,-8.0879,16.931,21.348,7.8287,-14.242,16.974,8.5609
31.362,21.976,15.507,2.7324,22.442,13.68,2.916,-1.9508,20.616,22.858,17.484,0.15824,6.7301,7.9948,14.988,23.459,5.3095,7.7644,-4.3513,13.205,10.243,2.9786,23.531,7.6263,19.251,9.9413,-0.88332,2.9089,14.12,10.706,20.137,-6.447,18.137,2.4833,1.7913,14.028,8.1589,15.236,8.9889,3.8721,16.98,5.2465,-6.9726,4.451,8.5962,19.417,0.76545,6.8296,21.922,15.388,0.18578,6.2689,13.696,13.545,0.65891,12.447,26.018,11.894,11.53,9.219,11.397,10.874,4.8342,13.924,18.146,12.974,5.0431,3.2052,3.5435,15.156,16.087,11.233,4.7792,20.209,30.385,0.2097,3.4027,29.281,-3.7974,9.5243,5.8536,17.537,10.629,9.1334,-12.378,17.327,11.543,19.461,2.6054,19.337,27.898,13.027,4.7864,30.363,17.007,2.7762,-7.2718,1.5024,-5.8673,9.3228
11.197,9.9262,-8.4156,9.0784,24.188,8.9406,18.731,18.359,7.6026,13.802,20.701,13.479,7.4342,21.477,10.719,3.0969,3.6445,16.911,11.708,8.0967,-2.7575,24.587,13.392,16.982,1.9216,-8.0493,12.64,-7.777,26.595,7.8375,12.262,7.8745,10.823,-4.3268,6.9838,6.5404,4.8113,-1.5473,-3.8558,-10.978,19.987,9.5372,0.93863,-1.3685,14.35,-5.1471,21.948,-5.2277,22.502,-3.1833,9.6487,13.083,-6.7502,17.613,24.065,14.688,26.699,-13.669,3.2945,4.8006,7.7178,17.971,9.7565,5.1481,34.864,2.4325,-4.5416,6.3409,1.0301,0.62241,6.7252,20.143,18.906,4.1716,-20.06,-2.6755,12.379,12.686,5.9475,9.4698,11.179,16.433,20.604,0.17917,-4.101,17.461,23.87,20.727,16.696,-0.068118,-3.3634,23.95,-4.6921,11.4,-0.27465,15.277,13.487,8.9482,2.1204,1.9425
20.169,11.8,8.7846,16.876,-2.8809,11.029,-8.0929,22.462,8.019,11.047,7.5406,-13.249,3.7677,22.507,7.8978,25.351,5.8126,15.588,15.49,13.365,9.1259,3.6122,5.7307,15.39,-4.2033,10.549,3.4795,6.3221,5.3054,6.4072,-4.9682,-2.4558,-2.8921,6.585,-1.8752,7.7608,11.195,-2.8873,17.007,10.708,-2.4897,19.039,-14.136,25.17,23.618,-12.655,7.5632,5.5424,12.724,-8.4512,6.7305,1.3537,-1.3802,-1.5395,21.905,22.87,3.4347,15.111,22.312,18.219,14.422,5.8183,11.592,14.607,-10.435,17.448,8.0788,18.796,17.419,10.784,12.168,3.7917,8.6135,-1.3582,17.112,9.8099,23.761,19.344,0.16482,17.659,4.6827,15.871,7.6009,4.2169,18.524,-12.43,4.9066,21.774,10.272,26.007,19.702,-6.8728,0.18286,11.118,-3.0125,8.8457,-10.025,11.527,-2.8975,4.5222
-0.38046,17.441,23.909,11.949,21.8,16.351,10.229,15.226,0.79734,11.147,18.185,3.78,-14.184,20.884,-1.7355,7.523,27.92,-0.92966,-4.911,5.9485,13.65,18.86,29.639,14.935,6.6558,26.962,21.106,-1.9002,16.847,11.972,15.764,10.039,8.8816,20.879,-3.6548,19.6,8.022,13.301,8.2092,14.624,-5.5039,23.298,16.187,28.08,16.751,17.723,2.7843,-2.7391,9.988,15.196,5.1863,16.581,16.307,1.5551,17.267,7.6108,-9.0557,-13.408,8.8913,13.826,12.667,-0.6217,-2.2043,29.217,13.719,11.461,8.4735,20.63,-3.3028,17.25,0.5844,24.365,8.5188,-8.2141,6.169,25.491,-5.6079,6.5884,4.1584,9.3945,-7.3182,14.91,7.9391,20.81,8.9786,5.3679,3.7963,31.5,14.808,10.303,12.348,24.656,-7.498,21.348,7.0775,16.041,5.8099,-3.645,9.2372,-1.9899
2.5331,0.20479,28.48,4.4095,2.6558,10.291,23.563,2.6411,2.3764,-1.4429,4.788,1.0686,14.248,15.643,24.799,13.106,9.4443,22.242,7.0226,0.61681,-0.20533,-12.962,-13.868,11.316,5.407,-4.2453,-8.7411,13.821,30.953,1.8351,14.863,5.8434,-1.7668,20.602,20.753,26.438,1.2074,-0.76947,0.10509,18.18,13.151,11.928,2.0057,-10.495,19.56,10.222,11.847,-12.96,7.3985,12.426,13.468,3.2529,0.48512,-1.912,-6.5861,19.893,9.1344,14.666,19.148,6.437,-8.3448,3.0983,11.288,18.126,-2.9471,6.95,24.941,1.1552,19.95,12.505,6.5789,8.8009,15.697,14.28,4.6099,9.21,2.6555,10.425,25.311,10.503,4.9041,-1.5751,14.608,29.217,12.259,9.4633,23.724,16.461,9.1813,19.928,17.953,5.4451,4.2248,20.041,20.404,16.88,-6.538,12.889,20.827,17.368
17.957,5.1421,9.2386,7.0667,10.088,-0.37169,16.846,-2.1747,8.7694,3.1665,18.603,6.3825,0.71924,0.92431,8.6449,11.954,5.2106,17.887,30.284,1.6284,20.241,10.388,2.3652,4.2261,8.7393,0.46646,4.7319,12.276,11.724,18.406,22.539,18.923,10.22,5.1358,15.667,-0.06078,18.663,10.885,7.3635,5.6088,8.7069,24.439,-7.8853,-2.6959,14.182,6.2549,1.254,3.404,4.4003,12.356,-3.8655,16.749,20.147,21.1,-12.467,5.4775,12.552,0.82962,-1.4472,25.954,3.3354,-6.9759,7.7245,24.292,2.8476,16.009,15.243,12.384,-3.1794,21.113,9.0324,8.6691,15.428,22.149,-2.1767,-1.0978,7.251,14.917,3.6634,0.20321,-6.9145,17.051,-4.943,7.5041,25.698,1.6064,24.739,11.075,25.226,5.3166,11.883,21.331,-0.47796,11.092,19.216,7.0528,24.495,24.872,7.2227,22.077
-3.7443,11.565,14.455,11.076,10.761,13.882,4.605,22.6,8.0618,14.275,16.181,-10.91,6.3176,25.526,18.537,-11.459,1.9641,-1.1007,12.001,19.411,11.003,12.787,2.5689,11.242,14.327,23.087,10.187,15.135,8.8717,6.3682,1.2453,-12.707,9.6829,14.117,11.813,-1.9772,21.782,26.757,20.976,20.702,10.05,16.438,23.958,15.908,-4.8394,10.015,3.508,-5.7807,8.8122,19.592,1.7043,-0.73104,18.312,18.016,21.64,11.728,2.607,26.001,6.2191,9.7845,-1.8066,4.4713,-2.6473,-0.84435,8.3849,0.91446,8.4284,-6.8153,5.6572,3.97,9.2268,7.9604,15.379,-0.12646,11.427,15.502,-6.2008,2.158,17.239,-5.7053,-11.854,-3.6522,12.856,11.555,-1.9936,20.092,7.6598,19.307,2.507,9.7181,11.061,4.4826,14.119,4.0839,-8.1169,9.2407,27.519,-6.2326,-4.9443,3.2803
-2.3126,-0.52991,12.946,9.7591,3.0638,-8.9891,2.2877,0.69962,11.748,-13.2,21.354,-0.83556,12.756,10.25,-14.072,7.0265,23.398,0.58476,12.812,24.072,5.6628,9.7081,2.9238,16.167,3.7672,3.8,11.815,13.204,2.2622,28.107,1.9114,18.002,-0.36491,17.726,19.936,-3.3566,-4.5422,9.6954,-5.2609,24.792,16.596,2.7803,-4.0916,10.305,17.117,21.656,6.6655,3.282,9.1912,15.577,15.206,16.03,13.379,4.9714,8.5916,12.66,18.623,-2.8159,11.768,11.523,12.726,15.56,-0.051247,11.039,20.142,6.4862,25.342,1.8555,17.477,9.3854,6.1817,1.2538,-11.198,14.9,5.9654,14.35,32.297,5.5607,1.3883,22.038,-0.53528,12.345,16.066,0.97475,22.306,7.707,15.429,-6.8555,10.027,-2.1846,27.555,25.505,7.894,15.828,-2.3873,13.222,28.916,18.854,20.6,31.665
14.573,5.0986,-11.857,5.4899,-1.2529,9.6956,1.9751,1.4601,-5.884,-0.38331,3.7875,-4.5341,19.22,9.6826,8.0539,2.2542,15.217,9.6675,-7.6814,6.3041,11.801,19.304,12.269,-0.16477,12.195,3.2074,12.173,5.0082,-3.885,2.4843,20.277,-6.5818,18.715,3.5932,15.13,12.763,13.125,5.6304,1.8917,17.802,4.6907,22.988,-0.2064,21.367,6.9926,13.96,26.58,10.729,22.917,15.286,2.5752,15.538,13.513,-0.15766,9.2905,2.1198,3.9574,16.753,15.153,6.6384,1.7387,3.699,6.1065,16.292,19.725,-0.89881,6.3357,17.081,18.448,-4.8122,0.95742,5.824,4.9986,-6.8014,21.034,12.654,16.918,5.5643,16.666,5.3221,10.297,12.281,3.6405,20.969,15.108,2.1737,11.24,11.802,20.771,16.001,23.035,24.041,2.8746,-6.2964,6.3899,20.509,-13.211,14.961,6.4929,-19.045
21.856,14.504,27.664,14.191,5.6289,-3.5526,17.034,23.326,9.2482,28.029,2.5743,19.901,16.503,10.465,-1.3416,18.051,23.425,4.1073,10.743,0.16541,16.603,0.11651,3.4552,-18.406,0.032009,9.9527,22.03,2.4357,0.92431,20.433,17.76,-7.1325,14.668,6.1138,11.895,21.777,8.691,8.527,1.3301,-0.76904,20.392,16.448,7.1747,19.237,9.6901,16.233,40.073,-1.0838,20.707,14.22,14.361,14.163,20.143,4.8706,21.538,12.451,15.6,12.548,28.025,12.435,6.0836,35.521,11.329,1.3925,11.411,3.8705,26.724,1.1512,13.065,29.174,17.451,12.096,18.772,12.507,8.273,1.5486,5.2612,-7.1654,10.717,7.2367,15.431,24.048,24.017,10.78,28.152,7.8396,13.428,3.234,11.569,3.0468,9.5788,9.9334,-2.0062,5.0589,15.378,2.2985,12.708,2.6602,-1.1637,-13.876
0.047693,1.2764,-8.9289,-7.4519,29.425,-1.5783,-2.3191,5.3669,10.574,11.517,-1.0744,6.0502,29.935,-3.617,17.983,18.393,2.5813,3.143,0.53629,-0.16144,0.83093,19.765,15.005,15.237,8.9897,22.783,14.78,28.305,7.7873,18.658,3.2256,16.123,-1.4967,24.016,11.598,10.944,4.3114,-6.1268,20.929,-0.19017,1.2532,6.6722,33.867,2.7729,-9.8191,24.552,-1.3642,-0.8274,6.9157,21.161,-0.8707,20.708,-2.8044,-20.529,5.3354,-3.124,0.80795,11.857,19.644,15.962,21.823,22.567,13.646,-0.94733,5.4754,-8.4903,3.3284,3.5117,-3.4298,5.7088,25.205,2.412,-0.93336,13.384,11.473,2.5582,10.984,22.511,1.1299,12.466,5.7001,31.906,15.49,16.653,14.263,9.4345,19.797,0.0011347,17.391,27.036,18.054,5.5314,1.0378,15.621,-11.913,19.599,17.316,19.953,9.8357,21.409
13.742,11.814,5.8404,15.318,-6.4694,11.117,15.253,6.3353,7.5177,15.965,21.639,25.014,18.744,4.5888,7.204,7.2689,-4.9141,16.232,8.4098,5.8772,11.329,0.33555,17.765,6.5392,2.7108,1.7018,2.2017,-0.11006,11.999,-4.3637,20.969,-7.014,21.587,0.81752,10.432,8.2516,20.617,7.281,16.035,8.325,22.934,19.165,25.934,-5.4,2.5211,23.925,19.167,8.3372,-6.4557,3.9025,6.8188,7.8816,11.944,17.08,14.561,5.7373,-3.3172,-1.7558,11.477,7.4621,6.0561,9.8598,6.7009,-8.3767,6.8945,5.1074,-0.2305,3.2586,27.042,4.811,-2.4586,-0.92787,8.9131,22.094,-0.76655,-4.897,18.864,-0.10147,1.5445,4.3445,12.035,9.3418,14.567,5.8327,4.3533,21.419,-3.9955,17.787,13.438,-4.6821,11.859,18.443,20.683,4.1,1.7732,34.865,19.667,11.37,5.2711,-1.1248
-1.3822,26.27,3.373,19.355,1.0706,11.078,8.6296,23.315,4.5284,0.75249,2.9822,24.885,15.002,5.7279,-2.4419,7.9945,-4.8233,11.063,-10.498,9.0955,28.293,20.085,18.784,-5.582,20.418,16.602,-9.5046,15.566,13.963,14.866,10.632,19.791,10.41,11.445,18.908,15.363,7.7662,9.9976,-2.3199,9.1636,11.485,13.415,4.1113,16.942,-1.7974,3.5186,5.5105,9.1363,14.82,21.949,4.7705,18.359,14.418,-11.711,18.221,16.237,31.632,24.978,35.754,14.141,15.093,18.441,11.004,20.015,18.353,4.5476,-2.8188,23.747,4.0588,7.4489,3.5416,15.351,22.117,12.882,14.447,3.714,7.552,-15.161,17.91,-14.83,26.943,-8.4806,2.5699,5.0517,7.2485,15.671,1.8367,9.6418,26.334,4.3098,21.572,19.684,2.7367,13.481,15.881,-2.4217,18.477,10.294,14.743,1.4541
-10.318,13.454,1.5368,2.4873,11.475,-4.4454,11.186,7.0373,18.531,8.0988,4.0811,-5.025,7.3203,19.029,26.554,-1.0937,13.167,17.257,6.4042,18.508,23.243,-7.2799,13.179,15.49,-2.6809,8.0882,1.2307,-11.355,14.9,14.628,16.167,24.002,-0.97064,9.2902,-1.5657,12.227,6.2305,7.7576,8.2611,7.5333,0.023698,6.6224,8.4941,6.4811,8.4993,8.9309,30.094,-1.3372,18.162,22.346,-8.595,-0.75719,10.074,14.068,20.18,17.969,-1.4838,15.097,6.2665,7.4135,-4.213,-7.9831,6.0638,13.451,21.588,12.642,9.257,-1.7993,4.2975,17.112,0.97283,13.675,15.824,2.9394,-9.6079,12.69,23.666,21.405,14.834,4.0535,19.195,19.78,16.838,3.4651,7.4667,7.7235,10.321,5.6148,21.738,-0.54334,25.509,3.2645,5.8877,17.553,12.319,16.427,-1.3878,-4.4331,6.8019,-6.1496
20.199,7.0668,-5.0263,7.7652,8.3921,15.734,5.5069,6.484,14.173,26.281,-10.059,22.877,18.674,5.513,0.36517,0.58576,14.286,14.569,23.769,-15.101,33.407,0.43981,14.295,-1.6634,6.767,7.6751,14.028,18.929,-5.4673,0.5225,13.515,-8.4427,10.269,17.105,1.7288,1.684,10.291,12.715,19.634,-4.8616,15.278,9.6379,5.0603,10.948,2.4974,-1.9245,26.897,0.28392,-2.9966,0.90355,11.683,13.686,-4.2677,4.8703,7.0232,-11.346,15.988,5.73,2.2275,10.683,9.28,-1.3096,7.9555,11.645,3.5003,11.551,8.1222,3.3838,16.874,31.886,8.2327,6.2178,11.164,8.4771,4.7118,14.585,12.435,23.157,3.1975,10.82,-3.1808,-7.1408,16.463,16.406,17.641,5.6242,19.53,-3.1588,14.644,1.9463,15.298,9.2586,4.3513,14.594,26.718,-2.1123,13.248,9.7672,13.62,21.129
5.0578,15.178,20.956,18.57,11.242,11.806,6.4129,15.698,11.358,5.7583,-3.3822,0.47802,-2.1723,10.534,-0.08879,6.1613,9.804,10.98,9.7339,-7.8701,15.052,-8.0933,23.941,9.0126,44.088,6.2615,7.3008,-8.4648,28.982,15.562,14.763,1.4294,4.9407,19.749,17.924,0.28582,7.9896,-2.9302,22.435,1.0069,13.012,13.517,24.857,8.0355,11.919,17.232,5.1686,15.874,3.4394,32.533,-2.6437,28.592,12.966,16.711,14.614,32.166,-8.6423,4.1369,24.987,16.661,-9.0898,15.018,-4.2216,20.062,16.968,15.44,10.391,11.333,3.9966,32.743,14.119,-6.2958,2.4679,7.8348,17.586,21.56,21.324,13.876,16.967,5.9912,17.966,12.189,4.0644,11.639,-0.53134,10.916,18.209,11.313,4.7295,13.119,-0.064933,6.8505,22.259,20.485,-6.5604,-1.727,7.1198,37.719,10.5,24.021
10.856,-8.1507,4.5646,-0.84096,25.473,5.4991,6.2337,-1.9362,-3.1451,23.703,24.238,16.053,2.3397,3.0824,22.088,12.003,11.093,-3.5835,5.285,42.289,26.024,12.985,-11.486,12.597,1.4147,15.125,20.236,12.081,5.7375,19.54,-4.7198,11.527,3.6041,7.0639,0.81615,-3.4304,8.291,9.4406,5.3538,2.9779,20.772,15.492,8.6037,2.1273,9.2615,11.147,6.1083,11.924,12.617,19.701,25.638,22.797,10.554,6.415,5.7748,8.3965,-7.2372,7.6238,20.484,21.455,16.178,21.352,4.1429,2.14,2.3822,-6.0934,23.898,12.515,23.468,16.096,5.8786,6.2699,-4.7594,7.2076,39.185,-0.83339,12.582,-17.622,23.341,14.497,3.7464,0.20733,23.637,15.251,13.798,6.9008,11.158,10.925,10.135,10.634,19.892,23.339,13.254,22.378,1.3308,-3.8319,25.039,20.729,14.575,4.9768
15.698,7.0686,25.705,12.28,6.6806,5.9051,20.264,11.186,4.9814,27.343,15.512,13.605,21.382,18.817,22.523,-0.66189,22.9,-0.22545,2.2727,13.64,2.0526,7.372,23.645,13.061,-13.952,7.5022,11.275,17.677,-0.56303,15.782,5.4551,10.53,7.1393,4.9535,21.975,19.643,2.6018,-7.1897,8.0097,-5.216,26.702,-0.075157,29.221,13.578,9.8087,20.504,5.1299,9.4531,1.502,13.662,0.28789,-0.80536,10.318,6.4024,15.89,7.5204,-5.015,4.9842,4.2356,17.58,4.7509,18.829,5.9815,12.826,17.401,5.3596,12.477,-4.5959,20.549,3.2795,5.6592,12.305,-5.2764,31.733,16.789,-9.9459,21.408,4.544,23.874,22.437,3.9324,16.979,13.018,5.4695,11.376,10.155,13.056,9.7283,0.74404,4.2271,5.5691,16.345,17.692,24.484,15.205,10.665,5.9911,5.2513,0.34887,14.676
23.648,29.348,0.21713,5.7803,-8.6064,-0.61606,28.775,14.11,-6.7996,0.42851,17.768,22.009,-1.1166,20.458,12.231,13.023,3.808,3.8526,22.682,8.7914,26.005,-4.5335,9.9355,2.3182,23.82,19.771,18.189,12.642,26.819,20.303,3.3139,19.544,-5.8566,7.4042,2.6975,20.126,-12.67,1.4477,14.121,10.072,28.679,1.9246,15.291,14.873,4.0531,19.856,7.4195,16.452,-3.4523,-5.4405,7.3553,10.107,-11.067,18.321,16.499,10.243,10.103,20.232,13.881,19.346,5.22,15.013,30.909,3.9314,27.853,30.136,-3.3821,27.617,31.384,27.371,24.257,13.427,6.1296,10.832,24.854,12.262,4.5116,6.9462,18.544,10.731,9.0093,-7.2316,12.625,12.356,14.013,22.399,2.5382,6.2848,28.762,1.7797,8.9568,6.3052,-12.607,7.4106,15.034,9.2132,5.2249,17.326,20.284,4.2325
13.154,12.006,-5.1003,2.646,-11.297,1.7861,6.6167,13.527,9.9301,32.075,10.605,10.338,6.5922,18.319,17.109,3.3855,13.106,12.076,-7.2047,6.961,21.393,7.0833,13.185,13.942,19.198,5.8159,8.4348,19.608,6.0987,5.1467,5.0048,18.899,11.929,-1.1412,16.489,14.953,13.469,12.357,16.203,12.164,13.374,23.504,14.84,-5.3542,2.3129,12.368,6.7658,12.76,-10.054,16.027,3.8475,12.018,12.971,12.999,18.444,5.0625,12.066,-13.45,7.045,5.5461,17.225,-5.2038,13.344,7.0171,13.213,9.0791,17.502,23.257,-9.0372,8.4607,13.658,10.575,6.2363,26.28,4.6557,26.124,6.1467,14.759,0.54708,9.1999,-2.0497,0.99373,16.606,-0.63641,8.6349,8.4746,8.2937,10.047,-8.9324,2.0955,-5.4022,14.985,-5.8779,-7.7602,11.923,16.667,13.694,6.1528,12.313,18.276
18.507,7.3874,16.542,-10.495,5.3521,20.619,19.497,2.6526,0.70969,7.9232,-7.7891,21.185,-4.4135,29.682,9.6039,7.9204,7.267,6.7452,19.611,18.235,8.2933,-13.161,2.9892,4.2082,23.387,21.076,-4.8335,4.6971,16.377,10.297,12.669,13.94,7.3669,13.016,6.795,-6.1049,25.233,7.0367,16.279,11.869,16.9,2.6094,-8.4468,11.055,3.5318,-3.1338,10.705,7.6294,6.1544,2.1733,31.47,11.367,1.4998,14.935,-1.4681,4.1886,4.6361,3.4865,0.25944,16.891,21.492,15.745,2.6745,-1.163,12.132,11.393,14.986,15.879,29.946,26.616,9.5738,-4.1427,-11.197,21.619,12.785,-3.3944,14.292,12.324,-14.641,12.77,12.885,-1.6707,11.184,14.401,4.7918,-2.5675,11.147,3.2045,22.637,9.2143,10.515,8.8121,4.7039,5.4562,3.7852,17.823,28.812,10.212,13.103,-1.1445
17.058,19.889,10.919,-10.85,10.315,15.665,0.57972,0.74656,1.3873,-14.932,7.234,-4.2553,30.369,9.9868,30.257,7.7047,21.568,10.21,23.223,16.358,16.542,12.958,22.133,7.5533,12.526,10.36,21.699,9.103,12.444,23.67,-9.4314,-0.41351,16.231,-5.4158,-4.8433,14.067,22.386,36.818,9.3686,-15.256,4.4667,21.218,16.126,7.7153,0.0083227,-1.8114,6.5463,-0.44433,19.714,12.629,22.278,7.9342,1.0509,22.287,28.622,19.305,-1.0187,20.587,20.83,-1.5396,21.694,15.349,-2.1428,11.384,27.198,21.42,6.7514,33.162,-7.3673,28.32,2.9654,22.657,6.4835,1.3791,11.51,9.8886,26.585,6.1739,-8.4011,16.74,33.14,-1.232,24.246,-3.8322,15.728,-11.529,2.2131,0.13653,19.047,9.1458,0.75675,19.453,25.436,3.1152,11.428,7.0231,4.4275,23.495,10.201,2.9947
10.99,17.581,-2.0782,4.5578,7.513,17.677,8.584,5.0187,3.3719,13.449,26.095,-3.8184,-0.73345,-14.145,28.868,-7.139,2.7593,1.9166,-3.8899,-10.372,19.413,-0.9166,-7.4647,5.883,11.505,6.4411,12.026,6.869,0.59649,16.311,6.9927,2.3325,19.862,11.227,22.386,-6.9703,6.5459,-2.1736,17.086,6.5612,7.4249,-0.93002,15.008,40.071,5.6527,9.0043,21.342,13.202,21.051,9.9652,7.7657,5.3622,8.532,-5.9065,2.5093,11.079,-2.6128,13.328,20.307,12.454,-8.6789,9.3877,10.946,13.069,24.48,2.7338,3.6267,13.389,16.137,-6.4769,14.23,0.63363,23.586,12.195,11.738,29.587,0.50919,1.4402,6.3822,16.191,14.37,4.6178,25.966,2.1799,-12.469,4.6326,10.772,7.2443,27.164,11.302,20.234,-7.6689,9.9867,4.0463,14.542,5.6195,6.8888,12.592,5.1768,31.727
10.593,30.615,18.416,14.143,4.125,10.482,-4.7953,11.758,24.765,17.971,6.7423,17.004,25.247,20.345,24.923,16.121,7.5554,20.785,23.774,8.0993,22.093,5.9524,5.8997,9.6845,-0.33495,20.584,11.937,0.23611,-4.1784,14.7,12.668,15.682,19.894,14.273,1.1688,31.917,13.804,17.749,-6.5492,23.181,13.627,6.2151,21.62,18.579,20.85,25.847,10.89,20.369,-8.7101,0.33834,26.867,8.0156,-5.3109,30.301,16.438,9.7583,12.075,2.9365,10.874,20.916,23.012,6.2729,9.3146,6.3399,10.782,-1.9606,19.869,8.351,12.263,1.0868,5.3156,16.919,10.261,24.009,1.4497,13.891,1.41,7.116,8.0239,-2.8466,18.781,10.23,-7.5744,24.333,-7.4984,20.29,-3.6077,-2.5147,8.2997,8.1538,19.382,10.838,21.108,1.7192,14.845,4.1916,16.277,15.709,-2.6178,3.6957
3.84,19.247,10.051,4.9162,4.3688,7.8024,8.8081,14.86,17.233,12.396,13.078,-5.5396,26.667,36.436,-3.2232,14.809,7.6493,2.5799,3.4229,11.728,24.636,4.7951,16.819,18.139,10.139,15.466,1.8987,28.84,22.234,17.692,22.322,17.73,8.218,10.107,4.367,23.794,10.882,6.5719,-20.006,10.649,-4.5381,10.492,28.162,-16.481,9.3127,36.037,7.4443,21.237,21.014,23.282,23.615,7.2931,7.2184,10.94,12.448,13.798,-6.7125,27.544,-5.1453,9.8779,13.917,10.014,8.9714,12.188,14.233,5.8642,13.134,4.897,10.786,14.163,39.346,17.041,29.59,5.067,9.305,10.109,9.6027,-5.054,-15.799,8.5169,18.686,32.138,19.583,4.9247,15.072,-0.32474,17.501,-4.5043,18.049,16.256,-0.0097171,6.9945,15.899,14.787,9.7066,-5.3095,4.4271,23.366,14.764,5.7905
13.01,16.604,16.439,17.883,17.642,11.189,0.096048,18.683,7.4415,1.9912,9.8709,-0.25159,10.707,11.648,18.72,22.755,21.944,13.532,10.434,5.5454,-1.2409,5.6437,6.214,28.504,5.9193,-4.9165,13.776,18.804,12.255,30.682,8.294,15.241,5.4919,-3.7159,8.955,-11.669,-2.0409,10.725,20.986,-7.7553,-2.9673,13.633,3.8107,20.408,-0.25816,13.662,11.446,-6.4868,14.381,9.3684,5.7979,1.74,-0.85377,1.5013,4.5412,28.775,17.386,-5.4067,18.966,17.5,0.71812,15.871,-2.5102,2.6741,-8.2206,21.115,-5.3236,6.3376,4.0831,36.513,17.773,14.619,3.4805,-2.1726,-0.8557,-3.5778,15.538,21.353,13.781,6.1682,-4.8983,-18.559,15.957,3.1854,6.8209,-4.2886,8.9344,1.3647,5.5463,-0.056411,14.794,13.033,5.5311,11.582,7.4195,12.906,6.5475,10.815,-2.2561,6.47
20.442,19.685,-4.0884,8.4309,17.212,23.266,6.6382,6.5521,10.728,21.156,9.0794,0.33414,7.2862,10.313,10.607,14.062,1.363,-14.733,20.842,5.583,14.321,16.039,5.7139,-8.196,11.736,-3.7252,6.0596,20.738,-3.1487,2.9514,21.328,-3.4704,16.842,-4.3092,17.563,12.644,14.565,-8.1676,10.623,11.53,15.104,14.665,22.912,17.345,4.5925,19.93,-1.9338,5.8629,13.091,6.615,30.43,17.925,1.692,12.732,6.0609,7.2616,18.748,-4.6159,12.388,0.50564,10.962,6.3185,10.888,-14.481,19.272,11.649,-2.4532,1.5399,6.5978,24.132,21.632,21.048,13.037,19.188,-12.99,-1.8034,14.095,-3.9088,14.694,12.898,-15.111,17.387,14.496,12.944,32.734,9.2767,34.048,3.6732,-6.3313,13.899,4.7941,8.8785,19.619,2.2767,12.927,3.0741,15.694,8.617,7.3317,8.8117
-4.7655,2.9997,1.9291,16.835,6.036,19.655,25.362,7.1915,27.102,-3.0377,-4.668,3.687,8.1242,34.266,11.94,21.106,14.311,5.1584,6.4718,-0.92485,10.332,4.8651,9.4917,19.903,6.4726,11.547,16.623,-4.7617,-7.386,17.163,14.953,17.876,17.063,5.2501,11.797,13.372,-5.274,3.6087,5.8099,14.996,30.304,12.85,9.7381,7.9715,1.2985,-3.5006,0.24735,9.144,28.572,-11.672,11.084,1.2825,2.9886,17.235,15.294,27.245,2.8575,11.553,1.873,17.499,16.913,35.048,9.9263,7.9652,13.744,4.8762,16.624,14.959,20.821,22.906,23.262,25.592,-9.6198,31.762,16.545,21.783,8.4747,15.003,15.775,15.448,20.079,4.7623,2.4617,5.8768,-5.7045,10.759,7.2692,-0.32214,1.4408,11.498,17.922,7.8279,-0.0049379,-2.3746,-14.378,-7.473,3.265,19.946,7.7434,-0.66511
15.136,8.5513,14.605,3.4418,13.702,-6.7234,4.0116,9.5681,3.8001,24.939,15.172,0.1999,9.0258,5.0533,-2.4467,8.4187,18.009,19.381,23.457,5.549,3.2667,17.818,12.712,3.4159,16.305,17.391,6.2419,22.7,12.193,13.271,2.0921,21.637,0.7851,-2.0302,16.082,-1.9601,0.58343,13.469,18.126,15.62,27.299,-2.0811,6.5731,2.0542,32.319,20.82,22.96,22.716,-4.3088,-9.4338,-8.5211,4.9849,10.707,10.086,27.556,0.74976,-7.1381,3.4197,21.838,29.56,6.2957,15.162,8.763,0.32745,8.4371,3.9207,34.37,6.2463,3.3911,8.1381,11.662,11.258,11.098,5.5277,3.582,9.3314,23.015,13.053,4.5045,16.575,-5.5796,4.7851,16.032,2.8782,-8.3808,16.519,30.212,5.0322,27.506,-0.83733,2.2401,16.683,-1.0914,0.93162,1.0753,7.5291,13.124,9.6507,8.8769,-7.3721
24.725,8.196,11.088,14.757,6.1575,14.573,21.975,5.5489,28.883,-4.8893,23.971,-3.4697,-1.4258,-9.5966,13.354,-1.7045,15.32,10.181,12.797,10.634,17.397,35.63,-9.9624,21.091,9.591,17.944,-0.32161,17.018,15.259,-12.806,1.1788,6.4417,28.749,12.706,28.944,11.889,11.964,40.379,6.9327,8.391,28.749,10.556,37.15,22.445,18.032,-10.587,-3.0828,-1.0535,19.406,-9.6284,15.415,3.6222,-14.044,10.832,8.7709,0.9641,8.8671,8.0075,10.316,27.622,12.367,1.3668,20.454,10.543,-0.30315,12.237,0.77699,0.157,0.65338,0.088758,10.391,3.2028,5.9198,21.51,8.9736,19.861,4.4284,25.259,19.759,5.8745,1.1824,-13.27,8.6543,15.682,9.945,0.9074,-5.09,-6.7835,-0.12852,14.915,2.1424,7.7147,15.012,6.752,32.186,11.255,-5.72,14.963,-1.7568,8.1639
6.4212,5.4561,15.38,10.097,24.982,23.295,12.837,10.962,5.393,7.7471,2.507,17.289,2.4674,14.737,12.523,11.21,6.3471,11.413,-0.98669,5.0901,21.783,-4.7704,-5.4677,3.4606,10.728,13.939,-7.4395,1.628,7.1999,4.2594,14.378,24.46,17.247,13.519,-3.7039,12.117,9.3591,4.5628,33.983,28.606,-5.5522,0.7341,6.1674,19.492,7.1142,22.658,-4.7057,0.77717,16.357,-7.6802,13.062,14.145,3.8162,0.44547,9.5585,11.565,7.2422,14.758,17.667,-2.4286,9.0746,9.1387,12.215,15.606,2.2141,-2.1735,14.145,27.372,-5.7265,22.409,4.8359,2.6539,12.645,7.544,1.8599,-0.84529,2.6378,12.241,13.947,5.0268,25.023,4.1983,25.878,-1.452,18.733,19.485,18.931,0.93987,19.05,-4.4827,3.625,5.5176,20.324,-10.145,-9.3258,17.498,5.1545,11.228,8.7224,30.932
4.974,1.8815,25.722,22.329,11.67,4.3415,17.987,10.401,15.835,-0.015286,5.0944,18.615,-2.7001,2.7632,9.0745,24.204,20.577,9.5592,-4.8497,14.506,12.576,20.527,4.4905,12.434,3.99,23.587,9.2485,6.7664,8.2047,12.962,14.526,8.292,5.617,14.826,16.685,-2.8909,28.75,7.3408,6.1012,11.147,-0.18261,9.4524,-1.3185,15.51,-3.2764,14.49,5.7085,16.229,12.115,19.986,6.645,7.6586,12.632,-14.296,5.8771,-12.663,1.5317,24.684,15.163,13.599,1.4525,-0.76047,17.523,-20.327,30.624,4.3677,-1.0375,16.569,12.216,-13.692,30.942,8.1639,17.002,4.7219,2.9028,19.568,2.9723,7.2341,16.731,-0.042095,2.9821,0.25553,15.717,2.6349,23.449,-9.6195,-2.8919,4.3321,25.49,12.925,13.401,16.584,-2.8931,4.877,-16.956,8.607,19.197,8.6241,2.5141,15.722
31.301,3.4586,19.203,33.453,7.2853,-3.2321,9.4931,24.218,24.143,-0.87397,18.891,-6.7212,9.8678,15.232,0.62738,1.073,4.2743,10.638,3.3586,12.099,7.718,9.8503,14.559,-0.26003,6.585,16.892,2.584,14.428,1.8938,7.6642,-6.4066,16.233,0.41405,7.7912,2.0905,2.2705,5.178,13.264,1.2328,-0.38243,4.9571,15.697,-12.239,29.994,13.709,9.045,22.208,24.867,9.2946,6.4365,10.611,19.096,26.17,-12.757,27.208,14.417,8.5082,3.8981,16.533,-1.185,14.289,10.072,6.9941,4.3625,8.0329,6.9981,12.852,10.413,16.163,3.9498,4.8129,2.3672,8.57,6.9183,6.5354,-1.5941,23.712,22.545,-0.15743,40.614,18.668,12.79,12.472,15.073,-6.5728,1.2691,13.876,25.196,4.7792,-14.688,8.2,5.9937,-7.6738,14.487,24.437,21.187,5.6991,-1.8904,-16.543,11.934
-3.4599,15.692,5.7504,-4.1641,15.308,0.50445,17.032,10.301,20.753,1.0199,20.231,24.026,9.7233,-9.9109,4.6555,24.032,-3.2931,10.532,2.4596,11.438,10.364,-2.8646,10.706,2.9623,-7.4068,1.0856,-1.4937,23.479,15.881,6.5339,13.952,18.293,8.9934,14.069,16.966,3.2618,21.303,21.291,0.95893,-2.4047,9.2926,15.014,18.025,-4.5465,5.9219,2.2971,26.665,1.5434,23.419,7.1472,3.4982,14.732,13.87,4.4399,-5.2606,23.318,5.4694,7.1312,-15.273,-7.2477,12.637,15.068,-13.135,9.1106,19.835,18.554,5.2684,-4.9241,15.954,-7.4799,5.2335,-9.1035,31.087,14.852,11.718,12.449,12.108,-4.4845,7.1618,21.306,-3.6804,-5.2801,20.467,6.9837,-6.8658,4.1214,10.962,13.861,-1.4836,9.2797,19.855,6.9653,5.4649,12.554,25.76,8.1327,33.45,-3.0007,-4.4626,23.339
7.4068,1.2547,1.1783,11.108,10.387,22.186,7.2581,1.1614,4.7106,16.501,13.08,0.99404,6.1007,4.2987,10.681,8.7911,13.749,18.877,14.614,-7.0335,14.28,-5.5943,13.472,13.265,2.9082,8.8273,23.356,25.73,9.4492,17.33,13.162,16.504,-0.36139,6.8778,8.458,1.9527,17.493,-7.3457,23.75,10.566,17.161,11.53,15.353,15.546,26.822,9.709,6.6966,11.471,8.1716,39.153,10.51,3.2496,10.421,9.4507,3.7149,13.5,5.9395,14.954,9.2038,4.6621,10.527,5.9957,10.153,20.653,10.771,6.7194,12.418,21.506,12.536,3.7696,9.0805,16.397,-4.3216,6.8984,21.738,10.91,1.083,-4.9271,5.1353,19.343,3.5675,3.6122,7.6919,4.8784,27.238,28.599,3.0096,0.73163,14.255,5.2211,22.232,15.509,16.985,5.4168,5.8862,-8.8819,9.9598,20.269,-3.092,22.559
10.982,3.6008,-1.8631,12.522,6.2093,7.334,16.855,-4.2699,15.965,11.886,4.9669,0.90724,2.8255,17.853,8.4097,10.33,13.491,16.84,8.2344,-2.4097,-10.908,2.7537,10.421,-0.02331,25.008,15.535,18.022,5.5523,-4.8387,0.41362,14.821,21.592,20.661,-0.71083,17.823,4.4181,11.639,11.21,14.129,-10.439,4.4537,17.212,2.0176,-10.204,18.779,12.804,29.401,1.4645,4.0141,8.6122,21.773,0.35197,13.705,35.729,-2.2335,21.523,4.6403,10.213,13.796,21.788,4.1233,-4.9439,13.921,13.336,6.3559,2.4708,15.666,2.3673,18.172,-1.8704,16.142,17.229,2.5554,10.669,13.614,4.5031,16.738,10.796,6.4073,7.3336,17.196,21.55,-3.2626,17.855,-3.0811,21.103,6.408,7.7479,-3.9064,10.765,16.598,14.587,-4.7837,1.0578,-10.25,13.449,1.3808,8.8404,26.986,13.823
3.1162,7.6281,18.817,14.837,7.4173,36.081,28.087,8.4871,16.42,-2.6745,14.825,9.672,5.7002,13.119,26.452,6.9567,-5.4595,-3.988,16.058,4.0229,12.686,14.704,-0.90832,9.5836,7.4455,3.4878,4.6364,-3.1318,14.585,11.84,15.647,5.5143,20.509,3.1405,14.659,1.8352,21.639,-1.3271,5.3918,4.4144,-0.032712,25.872,11.996,15.554,10.749,14.135,15.579,11.699,19.513,18.661,13.167,13.255,25.082,19.305,5.4731,20.852,22.045,-2.0916,13.519,8.1906,18.676,12.675,-13.792,24.528,9.5247,8.2854,20.224,22.482,23.628,14.2,15.265,11.043,13.822,16.112,18.969,16.014,4.6628,5.4655,-3.6333,15.262,7.5104,15.44,18.003,2.7372,9.1621,10.403,6.9132,4.6914,5.8184,10.451,13.158,6.2456,1.2731,20.101,6.8421,18.348,-4.8229,-20.073,23.636,26.321
25.898,8.8789,-5.9878,7.1279,8.3313,-0.15772,11.894,25.65,-2.0493,25.969,13.353,6.2009,3.0381,1.6454,31.643,5.5474,17.07,-6.9258,5.4319,4.6913,17.25,29.875,-12.79,1.1535,11.605,6.4985,10.781,14.182,14.766,13.361,16.848,4.134,15.684,16.319,17.399,20.508,4.0155,17.552,15.807,-2.4846,17.263,-1.0717,19.796,19.327,9.5834,20.471,4.3685,7.9896,7.0855,8.1458,4.7375,2.1111,11.953,-2.7309,9.1471,13.448,7.0508,11.062,1.6557,7.1124,1.2018,20.733,2.6837,32.797,8.7872,5.4694,-9.092,-3.4012,12.028,25.306,15.14,14.043,2.9636,0.1496,0.74519,10.297,5.0116,20.667,-4.2177,22.887,17.85,21.084,17.026,16.378,-13.537,26.861,23.947,4.6306,13.501,14.863,30.849,5.4333,-4.8737,11.652,3.7107,14.41,7.9105,0.8483,7.3903,-3.6172
-0.056502,16.224,23.68,20.35,12.863,11.098,18.558,13.558,13.145,10.637,9.681,1.935,12.094,0.62548,14.361,2.4057,14.838,13.045,19.91,-0.94972,-1.7032,17.979,-7.1354,6.9137,11.409,18.773,20.872,11.233,25.038,27.925,16.556,-4.3072,3.6696,0.4481,25.823,11.323,4.8695,18.237,-9.3016,22.389,4.7777,16.848,6.4643,-0.7622,5.4865,18.031,11.538,18.706,11.74,10.175,7.8964,14.202,-0.32333,-3.6617,-4.2222,19.468,23.588,0.28205,5.581,15.507,8.6944,3.1542,10.537,28.45,4.2638,-12.089,6.4199,1.6241,19.08,15.265,-1.3727,-3.1652,14.344,12.028,16.977,3.0805,-4.2713,15.329,-3.1629,5.6926,17.296,15.416,4.7526,-1.2804,7.4787,10.858,18.302,20.369,-10.823,-2.3085,16.368,-2.6602,13.484,-16.79,26.286,18.056,15.149,21.592,17.372,-3.6891
